region,category,daily_foot_traffic,competitors,vacancy_rate,trend_index,rent_monthly,expected_sales,equity_ratio,experience_level,franchise_scale,rent_to_sales_ratio,closed_within_24m
부산_해운대,한식,70860,7,20.661208994856178,0,470,1901.6,91.58425631014782,0,2,24.715885818489024,1
경기_성남,치킨,25311,8,6.000338839721009,1,267,1338.2,41.518343245057906,1,1,19.9528810111175,1
서울_송파,한식,96886,4,10.776458127969063,2,393,1610.1,47.9872262016239,2,1,24.409089905319625,1
부산_서면,편의점,55920,5,13.962789787467287,1,243,1027.4,45.910930992468195,1,-1,23.652987101701033,1
서울_마포,치킨,72606,5,7.892274130874979,1,420,1868.9,50.78722458080425,1,1,22.473316026805986,1
서울_강남,카페,110774,9,5.261545997858289,-1,208,1321.7,72.23352577681736,2,2,15.737832885684677,0
경기_수원,치킨,46854,3,9.216085256451409,1,120,700.9,79.0001079101436,1,1,17.120519118176297,0
서울_송파,카페,46910,11,1.0,-1,432,1675.1,76.43805008750448,0,1,25.78901494794331,1
서울_영등포,헬스장,111910,1,11.332358894756172,3,386,2160.1,74.09962622665441,2,0,17.869814046442432,1
서울_영등포,헬스장,82941,7,5.085628342858533,1,277,1383.6,53.44675706804463,2,2,20.020511974734315,1
부산_서면,편의점,23748,3,4.278520914140195,0,130,554.5,18.168006606254714,0,0,23.442949926309016,1
부산_해운대,치킨,159474,9,6.90763783741791,1,312,1784.7,58.31669829637645,2,1,17.48181543953713,1
경기_성남,한식,72662,2,5.322273106073114,2,282,1451.2,59.09194689426327,2,2,19.43237178986416,1
경기_성남,분식,69811,6,15.026897958772974,2,266,1255.6,40.970564987039204,0,2,21.18495523773322,1
부산_해운대,치킨,81111,9,16.113218783625985,1,328,1769.6,39.44578271823022,1,2,18.535447875339525,1
서울_강남,치킨,101616,8,10.439772198132276,3,503,2092.7,70.03192730692345,1,2,24.035717773484762,0
서울_영등포,헬스장,99040,6,15.931810028036471,-1,265,1021.6,63.496660239829424,2,1,25.93932522040981,1
서울_강남,한식,93328,2,18.110169053051827,2,597,3864.0,43.58635363296579,2,1,15.450501226238142,1
서울_송파,헬스장,59830,8,8.322838442643333,2,171,1074.2,100.0,1,0,15.918903850811173,0
서울_송파,한식,113744,6,8.435760502719043,-1,321,2166.5,74.28000988184183,1,2,14.816757524279014,0
서울_강남,한식,135726,9,7.605008011762331,1,452,1850.1,74.20218480727907,2,1,24.430616309839778,1
경기_성남,치킨,76958,6,2.821500911958908,2,234,930.9,36.33920777329895,2,1,25.137156747867884,1
인천_부평,편의점,70993,3,11.36742530782881,-1,232,1321.9,48.88110204450765,3,-1,17.5511558422111,1
부산_해운대,헬스장,188834,5,11.048836014377185,1,352,1279.8,62.81814736142644,1,1,27.503343529537776,1
부산_서면,분식,23051,3,11.515210127073825,0,187,1002.3,100.0,2,2,18.657617237994486,0
서울_송파,카페,113847,7,4.452354830971095,-1,424,2912.6,57.70527117066202,2,1,14.557588795707563,1
인천_부평,치킨,36896,5,8.56768446165688,0,113,765.1,65.42123497484526,2,1,14.768542257379085,0
서울_송파,한식,107215,12,13.106735997023598,1,235,903.0,75.49268106858673,1,1,26.025268292331223,1
경기_수원,치킨,43049,5,13.672263004413564,-1,148,1001.5,100.0,2,1,14.777538030104074,0
서울_마포,카페,89115,6,10.794621416758737,1,309,1777.2,73.24261349042094,1,1,17.38674217387804,0
서울_송파,카페,78304,4,11.45318782900004,1,317,2046.9,47.55525670187442,2,1,15.486915783167326,0
서울_영등포,카페,100692,4,1.0,2,398,2195.3,87.79132677229929,2,0,18.129946711916407,0
부산_서면,헬스장,52479,8,2.2218533107913156,2,116,502.7,72.65704874765423,1,1,23.07429686652133,1
서울_송파,카페,119459,0,7.120965865381301,3,382,2241.8,79.6804708912618,1,1,17.03956428132469,0
경기_수원,편의점,31130,8,14.669392724288539,2,292,1115.2,46.01706843816166,1,1,26.183347482756602,1
서울_마포,한식,88136,5,10.630508108871629,2,223,1113.1,61.65460871600958,1,1,20.034779725815355,0
서울_마포,분식,94693,1,1.0,2,285,1942.4,45.63111557495128,2,1,14.672717650570569,0
인천_부평,편의점,35485,5,5.980589858346247,2,274,1669.6,30.160513490823014,2,2,16.411176073880533,0
서울_송파,분식,101629,3,9.683252633824761,1,340,1709.2,22.06505559634155,0,2,19.89188596616095,1
서울_영등포,편의점,70354,7,5.087305902306798,3,169,1003.7,40.65777890798067,1,2,16.83717761883383,0
인천_부평,헬스장,43959,3,6.5618552987538,2,235,1141.9,44.861878189768085,1,0,20.5806232432626,1
서울_강남,카페,148752,3,1.0,0,411,1548.1,73.59319338326837,3,1,26.548428260237333,1
대구_동성로,치킨,135545,6,17.260109254612374,0,511,2524.0,57.84030071293883,3,1,20.245403000245023,1
대구_동성로,헬스장,76970,10,5.140978325447541,-1,482,1912.8,62.197201460864974,0,-1,25.19854935020175,1
경기_수원,분식,70612,4,14.35994952643249,1,102,403.1,62.40591263423798,1,1,25.30327267172922,1
부산_서면,치킨,78017,7,10.804030277497269,3,261,1417.7,91.02525709465942,1,2,18.410530746801104,0
부산_해운대,분식,109764,3,14.802360219989076,0,597,2119.9,81.16848973699176,1,1,28.161824253070016,1
서울_영등포,카페,93413,0,16.87083163711057,3,179,718.6,66.61401114127864,3,1,24.908106626515327,1
부산_서면,분식,34388,9,1.0,1,273,1028.0,37.97496190305776,1,2,26.55674547589265,1
서울_마포,분식,51314,7,6.288196671392915,0,426,1623.3,44.142543354753116,0,1,26.24355844275485,1
서울_마포,카페,63624,7,18.432445508030774,0,431,2826.3,77.0270852920102,2,0,15.249655500873317,1
부산_서면,헬스장,28717,4,11.344632664428545,2,297,1104.3,91.94225445041621,0,0,26.89477184987818,1
부산_해운대,헬스장,125658,2,1.0,0,438,2663.4,65.19842938271458,2,-1,16.44488486118058,0
대구_동성로,카페,73596,2,1.0,2,411,2128.4,52.179319975390165,1,2,19.310471880913653,0
부산_서면,카페,43275,1,2.0489415174492702,3,162,911.5,59.77545113240724,1,2,17.773217476575642,1
경기_수원,헬스장,21605,1,7.326628443418668,1,191,784.4,51.730975223646006,3,-1,24.349813806958345,1
부산_서면,분식,29111,7,9.405638172529173,3,85,540.6,45.519964067914024,2,2,15.72388295886481,0
부산_서면,치킨,66514,4,5.361633687379073,1,252,1257.2,71.41197337186318,1,0,20.043986387187555,1
인천_부평,헬스장,62533,8,10.0755871536679,1,116,647.1,45.04060020347019,1,1,17.92567385600919,1
부산_서면,치킨,54387,0,9.498281744097941,2,144,904.3,39.52362961021891,0,2,15.923533726379882,0
서울_마포,헬스장,107444,4,1.307116383061265,3,286,1723.3,70.63833784437692,2,2,16.595890924014956,0
서울_송파,편의점,40077,8,16.097872924021846,1,211,1341.6,53.47952935664318,1,1,15.72797390036606,1
경기_성남,카페,38574,2,1.0,1,232,866.1,64.84030288135594,1,1,26.786908503248153,1
인천_부평,한식,25408,1,6.588234832551966,1,234,1022.5,68.07641117358611,2,-1,22.88480344784936,1
인천_부평,분식,63872,9,6.887537092280518,0,197,847.6,79.27700637430723,2,1,23.24294988172155,1
경기_수원,한식,34153,8,1.0,1,183,1247.2,89.92088622978366,1,1,14.67245571829531,0
대구_동성로,카페,126942,11,14.131922333432517,3,303,1810.5,65.00487865147296,2,1,16.735462750887876,0
부산_서면,카페,23797,2,3.072766258189934,3,90,579.3,57.48426159800704,0,2,15.537255045302157,0
부산_해운대,편의점,189719,4,9.066193994759193,1,598,3773.4,77.04492978060536,3,1,15.847893012960723,0
서울_마포,편의점,76368,0,8.182860540454767,0,277,1140.5,29.937140937637878,1,1,24.287440186909464,1
서울_강남,분식,164270,3,5.414231629663476,1,349,2413.1,100.0,3,1,14.462582151340204,0
부산_해운대,카페,71759,1,1.0,2,340,1605.8,21.77492640211952,1,1,21.173635577901408,1
부산_서면,편의점,38449,5,20.527950920078823,1,80,403.4,84.92170384995258,1,0,19.830765774688334,0
부산_해운대,편의점,148623,0,15.83256714334519,1,465,1668.8,33.469219677804816,1,2,27.86406159366991,1
서울_강남,카페,146534,8,2.0966376014793955,-1,522,2017.2,49.509594674404525,2,0,25.87737206070169,1
부산_서면,헬스장,80535,7,7.47323683926644,2,125,527.2,83.18659606728497,1,2,23.71103812732184,1
부산_해운대,카페,72198,0,22.35280853983903,3,284,1806.5,35.16997538101755,1,1,15.720668951116764,1
경기_수원,분식,21279,3,1.0,3,216,1333.3,49.10155530082183,0,2,16.200575358758634,0
부산_해운대,카페,98529,11,10.613896380032154,2,314,1541.4,72.3477961944065,1,0,20.371058203495025,0
서울_마포,분식,96133,2,19.42722185048697,1,295,1101.9,62.535863193609394,1,1,26.77294526624701,1
경기_수원,치킨,36725,3,3.6325627175701936,2,292,1278.2,58.02274245909569,1,2,22.84379001199151,1
인천_부평,헬스장,58709,12,8.424958676407373,3,186,1120.7,84.15184340860523,2,2,16.59650490366409,0
부산_서면,헬스장,41792,2,11.016587439905429,2,115,743.2,50.397548204074134,1,1,15.474061476739905,1
부산_서면,치킨,33350,12,13.498163340784771,2,114,507.6,70.65190218741103,1,1,22.45925227811784,1
서울_강남,분식,91520,6,23.621098993793787,0,529,3625.6,73.83241361901734,2,2,14.590876686296902,0
부산_서면,카페,75761,9,19.483916206612747,0,168,981.9,80.57285260606132,0,1,17.10948545539475,0
인천_부평,분식,39541,7,8.50709336823946,3,214,1456.3,82.58138875070286,2,1,14.695222456082579,0
서울_강남,헬스장,144910,5,6.958526407973791,0,351,2083.9,53.816557530627215,1,2,16.84349326466399,1
부산_서면,카페,64547,9,15.852427358116664,1,172,858.9,55.637922032521146,1,2,20.02459140656304,1
서울_마포,편의점,79974,8,6.378980849297395,1,178,1013.9,88.1869488037116,3,2,17.55535033039395,0
대구_동성로,한식,82676,4,8.02750773797645,1,264,1189.4,39.91718466495864,0,-1,22.19590049452646,0
대구_동성로,카페,192744,3,5.460137007584405,2,543,3767.4,76.03714664080333,3,1,14.41304986937274,0
서울_마포,카페,64262,5,5.384106119842984,2,201,865.7,57.43576947809778,0,2,23.218059308511773,0
경기_수원,분식,86262,4,27.5118874900231,1,256,1129.2,69.39241578751009,1,1,22.671537905610766,0
서울_송파,편의점,101413,6,1.0,2,418,2311.7,47.744226190312276,3,2,18.082196040762668,0
대구_동성로,카페,134772,4,8.761369407541654,1,594,2619.0,44.03405510923093,2,1,22.680168886767493,1
경기_수원,분식,65648,0,3.9084373049954184,2,193,1232.6,86.47749607574426,1,0,15.658314579361162,0
서울_송파,한식,105082,2,1.8177261398079612,3,318,1230.8,45.14971298286119,2,0,25.836993750581037,0
인천_부평,카페,69138,5,11.026995805033259,1,110,671.3,67.37346617745803,2,1,16.387320489206736,1
서울_강남,카페,104832,4,15.273129883543545,1,559,3482.3,32.995031761143494,0,2,16.05275865491806,1
서울_마포,한식,66660,6,12.859586438641983,0,427,1944.3,52.74085442062585,1,1,21.96174381614837,1
서울_마포,치킨,63821,6,5.894163380350598,2,341,1902.9,98.2160917691757,1,-1,17.919908914749048,0
서울_송파,편의점,69241,5,1.4254546486773343,3,175,675.1,61.77904545219404,2,0,25.922331667432523,0
서울_영등포,헬스장,117258,9,1.0,1,176,1062.2,48.66661174979789,2,0,16.568692249978405,0
부산_서면,한식,46385,13,1.0,0,94,396.0,92.53038943399363,0,2,23.736312136094533,1
부산_서면,한식,73625,0,8.868619781762701,-1,210,1174.8,33.17450657963427,2,0,17.87583131120527,1
대구_동성로,한식,199749,1,23.757292559175987,3,316,1271.4,99.25645268090918,1,2,24.853783641597747,0
대구_동성로,카페,121195,4,11.805978944840463,2,301,1207.2,69.38233419562125,0,1,24.933133952834808,1
경기_성남,헬스장,68787,5,10.188200872961716,1,240,1274.9,55.056452349588064,0,-1,18.82533397958933,1
서울_마포,헬스장,63398,3,16.92217916116313,1,239,976.6,72.46619613309207,0,1,24.472680796781635,1
경기_성남,카페,46015,8,12.754397697952246,2,120,756.7,80.9910543063867,0,2,15.857791661185882,0
인천_부평,헬스장,53662,4,21.799538109934154,2,82,473.6,50.79409111612306,1,1,17.312930516268242,1
서울_영등포,분식,68380,4,9.427044879583594,0,268,957.6,33.775579796497695,1,1,27.987575853124063,1
서울_송파,편의점,85500,9,1.0,2,242,994.5,52.59658738893219,3,1,24.33281443641069,0
경기_수원,한식,45963,6,17.329688118285084,1,205,1237.9,81.57361666862592,3,1,16.560673357366014,1
서울_송파,치킨,82229,5,13.73001924969421,2,274,1662.1,34.923835324134856,0,2,16.485611845216642,0
부산_해운대,치킨,177435,5,18.209103134815553,1,213,1394.6,75.43397421296689,1,1,15.272714194448906,1
대구_동성로,카페,192907,0,22.01735836220071,1,265,1147.3,90.75223120148083,1,2,23.09683521454145,1
인천_부평,분식,39816,12,1.1805602353879099,3,80,350.7,34.06996465038342,2,1,22.811013839618113,1
서울_강남,카페,79847,1,17.663485981479393,2,243,1309.7,56.775830628602634,0,2,18.554010146922053,1
경기_수원,한식,20281,2,14.404742803255093,0,108,411.5,63.818755015466316,2,1,26.247101191269195,1
서울_마포,카페,101212,3,1.0,1,334,1569.6,70.06858165203755,1,0,21.27982299544401,1
서울_영등포,치킨,83753,4,23.398219477067503,3,157,646.8,77.40135461377508,3,1,24.271701721869615,1
서울_강남,치킨,106487,7,6.857554206731429,3,502,2968.5,61.34997071750018,2,0,16.910906296087905,0
경기_수원,분식,46984,3,6.9199482630321825,2,169,779.7,53.309849872865065,1,0,21.676032269804555,1
경기_성남,헬스장,87203,6,16.3103224096345,3,181,834.4,57.22274825610657,3,1,21.69110346151948,1
부산_해운대,카페,121924,10,21.104617161113115,2,342,1652.4,100.0,1,1,20.697638902009043,1
서울_송파,헬스장,100233,9,16.87235840894116,1,414,2143.3,53.50337232982755,0,1,19.315696739884327,1
서울_마포,분식,67598,0,6.2682725259484044,1,449,2745.2,63.588336256625375,2,1,16.35573058089674,0
경기_수원,한식,59310,11,1.6931201761844648,0,104,538.4,90.6146478507599,1,0,19.315679087421657,0
경기_수원,한식,56378,6,19.744016004412195,1,236,1330.1,40.20743726859325,1,0,17.742550561588814,1
인천_부평,분식,83646,8,16.642579928863157,0,150,1006.8,46.75774966351181,1,-1,14.898392119294662,1
부산_서면,분식,33673,6,13.803086203254715,2,126,830.9,45.96016624386489,2,1,15.163640040091211,0
부산_서면,카페,54084,4,15.620311327019802,1,147,858.0,48.79103697020952,0,1,17.13377727621126,1
서울_마포,분식,104174,7,12.896593682160487,1,198,759.3,60.87622943958219,2,1,26.075612875166225,1
대구_동성로,헬스장,156936,5,14.66886282406712,2,457,2307.6,29.00937460842976,1,2,19.803904181709672,1
부산_서면,한식,71501,1,17.320145927782388,3,98,608.0,76.19078544011815,1,1,16.118166674157365,0
경기_성남,카페,84315,2,6.3536032646432075,2,209,929.8,64.10857192542939,1,1,22.47688014074394,1
인천_부평,편의점,25249,1,1.0,3,294,1488.3,77.3688702148199,0,2,19.75412737274579,0
대구_동성로,치킨,187181,0,21.084255177688657,1,357,2080.3,53.86439214257259,2,2,17.16092700363942,1
서울_송파,헬스장,102711,4,11.91363443560987,1,270,1689.6,65.96104420214351,1,0,15.980422169964081,1
서울_영등포,카페,45782,9,1.9027523076476083,1,263,1140.6,29.24305348142259,1,2,23.059041698131217,1
인천_부평,한식,84977,7,6.286446639432901,2,134,734.7,60.522448630794514,1,1,18.238144976202054,0
부산_서면,치킨,83133,0,13.979087043793081,1,285,1078.2,71.99188226562987,1,0,26.432527404614586,1
서울_마포,헬스장,95249,6,14.966232722008987,1,405,1862.2,39.53161379298707,3,2,21.748364415961223,1
서울_송파,카페,63429,6,4.403227551371212,1,174,917.2,67.03095917651778,1,-1,18.97037730106583,0
서울_영등포,치킨,92188,7,1.0225096521493438,2,309,1245.9,46.226664900741135,3,-1,24.80105224625563,1
대구_동성로,편의점,114936,5,4.611617854833862,2,298,1687.6,48.7908980344012,2,0,17.65792095855986,1
서울_영등포,분식,52411,8,14.714956002306899,1,380,2199.9,67.60717060767833,1,0,17.273349051699842,1
경기_수원,헬스장,82646,0,8.37129664036001,2,209,1157.3,39.07044114751143,2,0,18.058629421468286,1
경기_수원,치킨,76532,3,9.783427019910631,1,260,1323.5,36.13880090179528,1,2,19.645127775642347,1
대구_동성로,분식,96035,5,11.994229248005393,3,241,1507.3,64.14187724465903,1,1,15.989352749117552,0
서울_강남,치킨,160353,8,5.0268321511553395,2,513,2685.1,41.0255635415775,1,2,19.105545744530787,1
서울_송파,분식,70111,0,8.397119969568275,0,236,1417.7,61.80085675306572,0,-1,16.646879469304945,1
경기_수원,한식,64857,3,1.0,2,238,1383.9,50.971806847987224,0,1,17.197504506848183,0
인천_부평,헬스장,48270,4,14.249917705485329,1,191,806.0,86.22317772636211,0,1,23.697213587045812,0
대구_동성로,카페,193257,4,16.49488089656866,3,318,1782.9,90.56936852825064,2,1,17.83616763952896,1
서울_강남,치킨,96806,7,16.02142969414339,1,352,1433.7,17.40973851779917,1,2,24.55257049677211,1
서울_송파,헬스장,101332,6,11.861289358696938,2,271,1820.1,76.75125406716745,1,2,14.88927693195124,0
부산_해운대,한식,178255,3,17.87359051215234,1,402,2166.2,44.01211847677129,2,0,18.558223591362502,1
서울_영등포,편의점,88689,2,9.721827666356779,1,244,1207.1,76.06891624731165,2,0,20.21444464274805,1
부산_해운대,한식,79496,8,1.6479174773088658,2,327,2073.6,55.34213173525803,2,2,15.77005304889677,1
서울_송파,치킨,108056,8,14.087204060627188,2,159,939.3,73.73132012303125,1,2,16.92736391330877,0
서울_강남,헬스장,185725,0,9.153362959745529,1,320,1286.8,68.39064887814055,1,2,24.86876642433619,0
서울_영등포,분식,58313,4,7.495979724115291,2,173,606.6,52.12037273395158,1,1,28.51781839446243,1
서울_송파,분식,63225,4,8.290601153653002,1,204,1141.9,62.21642190267606,2,-1,17.864188429832257,1
서울_송파,헬스장,89815,7,6.543680403476807,1,258,1240.2,67.22289540693737,1,1,20.802480279870252,1
대구_동성로,한식,91621,4,13.18982768067076,1,500,2061.9,38.36594320839197,2,2,24.248986846161987,1
부산_해운대,카페,181193,6,1.0,3,599,2443.0,74.35980619832341,1,1,24.518641519299546,0
서울_송파,분식,101330,11,17.23074763006964,2,184,763.8,56.101095831420835,2,1,24.088520712932425,1
경기_성남,치킨,39715,5,22.40576117668821,1,205,1240.9,47.955758792764385,2,0,16.519972613076806,1
부산_서면,카페,65603,7,3.1653731010163986,1,292,1948.2,42.15088321286193,1,0,14.98825438290574,1
인천_부평,카페,52972,5,4.769518245965236,-1,149,554.2,11.515194794541166,1,2,26.88687944338273,1
부산_서면,편의점,86707,8,14.916845984057456,0,295,1464.9,61.93499789918233,1,2,20.137836982537355,0
서울_마포,분식,74521,4,6.207155086319508,1,310,2007.9,80.35002458168363,0,2,15.43887423345876,0
대구_동성로,헬스장,115232,13,1.0,2,216,1080.0,71.03118540424848,0,1,19.999172376662774,1
인천_부평,치킨,32924,3,10.516390755208203,1,246,1555.3,47.05518724023907,2,0,15.816746766260382,1
서울_영등포,치킨,103870,5,10.858692211963568,1,217,1426.2,92.49356916939121,3,2,15.215129901181212,0
대구_동성로,치킨,188555,11,24.132762777839044,0,225,1058.1,44.770756691621,2,1,21.263832133370446,1
서울_마포,편의점,72658,1,1.0,2,346,1910.5,64.01303607911375,2,2,18.110768712234112,0
부산_서면,치킨,26971,2,11.48921386921818,2,291,1388.3,100.0,0,1,20.960614137720867,0
경기_수원,한식,59901,6,12.380823944832514,1,277,1927.8,49.15063866587608,1,0,14.368939257965033,1
서울_마포,한식,73691,7,4.593411509799898,0,251,904.3,49.957939918022404,1,2,27.756385647177495,1
대구_동성로,한식,180053,7,2.954202043042512,1,333,2123.1,82.7975712225809,1,1,15.684480593985903,0
서울_송파,한식,52763,7,4.120833724424852,2,435,1675.7,48.69430447201836,1,1,25.958982070786963,1
대구_동성로,헬스장,76416,4,13.005317152739314,1,524,1891.1,67.64882835638596,2,0,27.709238977393536,1
부산_서면,한식,87494,4,13.669852743502183,2,277,1240.3,87.51732346367913,1,1,22.334059730568296,1
서울_송파,카페,90100,9,8.608826747883638,2,291,1078.7,66.00311169991451,3,1,26.977238599041975,1
부산_해운대,편의점,188362,0,1.0,3,553,2993.5,65.0587362853016,0,1,18.473126725584393,1
부산_서면,헬스장,89785,5,14.966162719973276,1,181,1210.5,51.29027258860313,2,2,14.952833755184546,1
부산_해운대,헬스장,142766,8,6.312711971415067,1,272,1782.9,66.7902896763768,1,-1,15.256371642547473,1
서울_강남,한식,182728,4,1.0,1,341,2080.5,75.58468068627215,0,2,16.39028226602648,0
대구_동성로,분식,159709,5,8.818247937669925,2,285,1032.1,61.40104326226363,0,2,27.614042357497716,1
서울_강남,분식,137580,9,11.856088691092213,2,400,2630.6,72.83861069923103,1,1,15.205827253907142,1
경기_성남,한식,84046,8,11.610066666339856,1,94,528.7,84.43601105037627,2,0,17.778367148772773,0
서울_영등포,헬스장,70795,11,12.96963981798329,2,216,1318.2,62.86678335212462,1,1,16.386515407258035,1
대구_동성로,치킨,96512,4,9.740742420661116,0,260,1161.9,31.873650726563323,2,0,22.377121243928407,1
경기_성남,카페,37709,5,7.835536460650956,2,192,1056.4,44.95687188818834,1,0,18.17464662556034,0
대구_동성로,분식,140448,6,19.314319248567124,3,240,1322.8,58.71859399743005,3,0,18.14312898212244,1
서울_송파,한식,118279,4,1.0,2,258,1765.4,77.90076628152231,2,-1,14.614089131045265,0
부산_해운대,헬스장,105820,8,1.5649753523068064,2,414,2409.2,63.86791566323481,1,2,17.18412123853912,0
서울_송파,카페,101350,3,18.58483600709269,1,407,2270.2,83.14192770927917,0,1,17.928174382555827,0
대구_동성로,한식,87154,9,15.332626446607483,1,283,1811.6,66.33885234024326,1,-1,15.621187297984793,1
경기_수원,분식,57437,11,8.77753503733049,2,128,478.2,30.299556834382045,1,2,26.767699085892843,1
부산_해운대,카페,106788,1,13.254865808187574,1,321,1629.2,89.92014425434357,0,2,19.702757252418337,1
대구_동성로,헬스장,153555,7,3.092497679823185,0,579,2899.0,89.64044987231581,0,2,19.97262677754119,1
서울_영등포,편의점,80379,3,11.458487071714954,2,275,1473.7,65.43746325540033,1,0,18.660898732310734,1
서울_마포,분식,47069,9,9.285100919755005,-1,216,779.4,68.18516775194485,1,0,27.71353420106435,1
경기_수원,헬스장,73161,8,7.6632635717079305,2,201,1285.1,57.85395711991542,1,1,15.640944576624442,1
경기_수원,카페,22352,7,21.009702486420267,2,220,1109.1,65.00904815455554,1,0,19.83519048882593,1
서울_강남,분식,113949,0,15.235371792822736,2,582,2320.5,100.0,1,1,25.080329444140848,0
서울_마포,헬스장,86840,3,1.3931528388330818,1,301,1095.1,69.93398446473043,1,1,27.48681181648983,1
경기_수원,치킨,44842,9,10.685882074296268,0,133,833.5,65.38253882490214,1,2,15.957147323508128,0
서울_강남,편의점,195074,4,9.905697248343895,3,353,1962.9,67.81045795130002,1,0,17.983799133726098,1
부산_서면,편의점,82154,14,8.111970279098646,3,271,1878.7,83.87912519976555,2,1,14.424628189461282,0
대구_동성로,한식,175388,4,1.0,1,536,2461.1,79.26177996426065,1,-1,21.778678716151965,0
부산_해운대,치킨,97103,9,16.632685234860006,2,221,877.5,40.566865309174275,2,0,25.185599273830118,1
대구_동성로,헬스장,126622,1,6.250706631022118,-1,362,2201.9,77.13234209251355,2,2,16.44049122576114,1
부산_서면,분식,27295,7,13.147591346380953,2,280,1066.8,43.59517341102597,1,1,26.245916635103207,1
서울_송파,편의점,81869,5,22.075821325810004,-1,337,1298.6,73.44121038187535,3,1,25.951820653102935,1
서울_마포,치킨,96699,2,9.499880400308536,2,293,1709.4,68.52991637839378,1,0,17.14092617281063,1
부산_해운대,편의점,172005,4,18.052072184109754,1,420,1792.3,65.59685321995217,0,0,23.43314912289778,1
대구_동성로,헬스장,100750,8,12.84259637911364,1,536,3417.0,100.0,1,1,15.686245054728861,0
경기_수원,헬스장,76378,8,5.131715380748707,0,294,1936.6,91.14197081248415,2,2,15.181481108741568,0
서울_강남,카페,124238,4,10.10765286960474,1,440,2628.7,42.83100119250628,0,1,16.73803287941879,1
서울_마포,한식,45571,9,1.0,3,249,1459.9,36.21854268392305,0,-1,17.05614308562334,1
대구_동성로,치킨,141854,7,7.479775197415975,0,222,993.3,67.64509878289837,3,0,22.348676352623578,1
서울_송파,한식,106852,3,9.975444055940219,1,447,2919.1,40.59992064981914,1,0,15.313066663112002,1
서울_송파,한식,94120,9,7.759356133389268,3,162,687.2,52.588189538550964,3,0,23.57390158859515,1
서울_마포,카페,58135,12,18.922143127054603,1,413,2377.6,76.20124608105382,1,2,17.37041720936179,1
서울_영등포,분식,73002,9,13.620377841773095,2,376,2031.6,65.96754905202359,1,2,18.507139891829794,0
서울_강남,한식,172797,4,14.613219442106821,1,337,2034.5,54.48979419063198,3,-1,16.56452498093319,1
서울_강남,한식,172518,3,4.9652966342592375,0,355,2307.5,44.737023537125715,1,1,15.384725540440822,1
부산_해운대,분식,99336,6,4.0737180360666985,2,232,1275.4,74.62493013340813,1,1,18.190835267786284,0
서울_영등포,편의점,60936,6,11.707672385359501,2,309,1576.8,27.981920430469685,0,0,19.596372894085068,1
부산_해운대,한식,128585,3,13.759635831428005,0,203,970.3,61.03252753422416,1,0,20.92101584341908,1
인천_부평,카페,66473,8,10.42426184972453,0,124,713.0,84.86366874428717,1,-1,17.391709039887626,0
인천_부평,카페,36241,3,1.0,-1,84,416.2,59.686958767556625,1,2,20.182662568368226,1
인천_부평,분식,47076,8,5.676543734240273,1,213,1153.0,48.72599649884198,1,1,18.473975720269607,1
서울_강남,카페,163935,5,13.135032234262557,1,530,3637.0,67.42188102627844,1,2,14.572597912945637,0
인천_부평,헬스장,25451,8,9.436136757265437,0,218,926.2,70.70282870910641,1,1,23.53578228954621,1
서울_마포,치킨,110902,8,9.405771270483527,2,157,685.4,35.13352143187802,2,1,22.90588078416013,1
부산_서면,치킨,75388,9,12.44716499552208,2,165,795.2,87.33980865357687,0,2,20.7492582176714,1
부산_해운대,편의점,97413,6,6.099037897461095,3,300,1050.5,30.863242612133547,3,0,28.558783272326345,0
서울_마포,편의점,107712,0,24.00257258055657,2,309,1179.6,25.906059730074574,2,2,26.19497577877529,1
경기_수원,편의점,86641,4,4.372193208351155,3,147,590.7,74.92176239079369,2,0,24.884147194394227,1
부산_서면,편의점,69812,8,6.685001363600843,0,178,891.0,88.4051386488392,2,2,19.978582688231665,0
부산_서면,카페,62351,4,6.989305573666382,2,226,1079.2,61.727106310007414,1,2,20.94135655293124,1
부산_서면,편의점,65095,9,2.5026242424566583,2,270,1563.6,24.428248319869667,1,-1,17.26734760286186,1
대구_동성로,카페,102252,6,8.785277196754885,2,448,1882.5,48.95356652845311,1,-1,23.79841290421974,1
서울_송파,헬스장,62318,8,19.364817146762817,1,187,1151.3,77.07449344514555,2,0,16.24235863289946,1
대구_동성로,헬스장,156511,6,14.937556471599155,1,578,2325.6,44.97747886147109,1,1,24.85333380815184,1
서울_마포,헬스장,48712,5,26.1027694987962,1,288,1964.8,41.510055814887934,1,2,14.6579633280715,1
서울_송파,한식,73872,6,7.516348548710457,0,237,1496.0,52.43409451477576,0,0,15.8420525071536,1
대구_동성로,카페,89873,7,2.2030283027920667,0,450,1762.2,74.74746270521648,1,1,25.535867829963486,1
인천_부평,한식,70719,9,5.012540650342337,-1,175,1126.4,88.88840776307383,0,2,15.536416579181497,0
부산_해운대,한식,158791,11,10.069517138132897,1,514,2771.8,24.432980654692386,1,0,18.544030348194482,1
서울_송파,편의점,75531,4,6.648137807941171,1,229,1499.9,42.74448471913759,2,2,15.267294168701708,1
부산_서면,편의점,31889,6,10.713024944658972,1,95,386.6,35.46248930972421,1,2,24.570913989605074,1
경기_수원,헬스장,20887,4,5.284638012766183,1,138,810.3,55.33265422472931,0,0,17.031732458162153,1
서울_강남,분식,116163,4,12.380415568025612,2,381,2380.7,68.48946188495819,3,-1,16.003992444793948,0
인천_부평,카페,30561,5,12.71719180367593,2,85,354.0,60.77454040739224,1,0,24.013330892666453,1
부산_해운대,편의점,129778,11,10.83470330507123,2,465,2522.0,43.65196377822558,1,0,18.437863315123447,1
서울_영등포,편의점,108136,7,21.71416463208976,2,297,1317.5,86.80922103580696,0,2,22.543303500726335,1
인천_부평,카페,65800,7,1.0,3,266,1812.4,55.701792896998434,1,2,14.676598112485294,0
서울_강남,카페,172700,6,10.486836614300701,3,267,1140.5,74.45177003240211,2,1,23.409922413726637,0
경기_성남,헬스장,39874,5,15.782330200090545,1,164,823.3,94.99167808410841,2,0,19.918685486042797,0
부산_서면,카페,63764,10,9.481110254989693,-1,230,867.1,55.157015483521384,3,1,26.525142019776567,1
인천_부평,카페,87087,1,2.080104721154738,3,161,779.5,23.45051291894019,2,1,20.654777776416235,1
부산_해운대,편의점,180317,5,8.704714941374371,3,463,2567.6,47.60888649956631,1,0,18.032407605874,1
경기_성남,분식,38257,4,19.538319186293574,3,135,773.9,59.956670935442276,1,0,17.443361650768992,0
서울_마포,치킨,50751,9,1.0,2,288,1418.9,68.54194633583336,1,-1,20.297500452239024,1
서울_강남,편의점,83261,8,8.889683260640748,0,441,2340.6,77.1211844699408,2,1,18.841314340105203,0
서울_강남,한식,72187,8,30.643660977161076,1,482,2283.8,84.89359161473573,2,2,21.104784587059193,1
부산_해운대,분식,161683,6,1.0,3,309,2029.2,55.404007388496126,1,1,15.227379766343624,1
경기_성남,분식,52854,3,6.430990235650017,1,288,1021.4,18.51848080470421,1,1,28.19777885903168,1
서울_영등포,분식,45520,6,22.21247421281077,0,396,1501.8,54.37960705456829,1,0,26.36824714953135,1
대구_동성로,치킨,180107,7,1.0,1,210,1440.5,48.704519916581155,2,1,14.57827993463168,1
서울_강남,편의점,170546,10,6.375726584683132,1,529,2458.0,100.0,0,2,21.521887667255456,0
경기_수원,분식,57158,10,10.071203312059044,0,207,1278.6,67.95610903500942,2,2,16.18960382349169,0
서울_강남,카페,106413,7,16.04715875168186,1,216,1425.5,74.52006865135337,3,2,15.152274659635545,0
부산_서면,카페,53272,3,9.628155428877182,1,165,1034.6,84.47137764837255,1,0,15.94780930371221,0
서울_송파,편의점,109300,3,5.288672084110915,-1,179,926.8,71.43756132356711,2,1,19.314675469328215,0
서울_마포,치킨,46476,3,4.744362864385814,2,194,1092.1,58.12775181433104,2,1,17.763783782882385,0
인천_부평,편의점,28026,7,2.0362003070262835,1,237,833.9,71.97588779123821,1,-1,28.420417375221096,1
인천_부평,치킨,54660,8,15.257915934640955,1,191,762.3,72.48142830238952,2,1,25.05552420874981,1
부산_해운대,한식,194168,6,13.242293566873093,3,582,3582.5,93.99914749152761,3,1,16.245624421193963,0
인천_부평,한식,79049,9,3.085185233556741,1,268,1232.4,78.66464896631268,1,0,21.746723687303746,1
인천_부평,한식,41839,2,11.6829741378715,1,160,812.4,58.366579382960325,1,1,19.69389001513793,1
서울_송파,헬스장,62588,7,19.081949949027926,1,278,1243.9,62.286937826073775,2,2,22.34835928066072,1
경기_수원,한식,44031,8,15.714374091568406,0,102,434.6,26.000805586339574,1,2,23.47248076713302,1
부산_서면,헬스장,53457,5,14.753999428067369,3,255,1182.8,53.959090010202715,3,2,21.558613767859473,0
서울_마포,편의점,90357,7,17.2929650062362,-1,405,2077.8,24.836139854480564,1,2,19.49169504533837,1
경기_수원,편의점,45525,7,2.777857941424422,0,282,1492.0,82.26721011887878,0,2,18.901001235412537,1
인천_부평,편의점,28210,3,12.860656983605178,2,250,1373.3,53.71187976892807,1,1,18.204339615690525,1
경기_수원,편의점,42164,8,17.985988469351586,1,91,617.9,59.630148232139035,1,2,14.728058321275778,0
부산_해운대,헬스장,133185,11,10.025869702934932,2,575,3317.9,45.150315349232315,2,1,17.330312652217078,1
경기_성남,헬스장,81169,4,14.461603843114556,0,254,1498.3,58.662349230857245,0,0,16.952359980424912,1
부산_서면,헬스장,24627,3,31.433628757843532,1,245,989.3,26.90543447180005,3,1,24.765233940788146,1
부산_서면,편의점,34995,7,11.446525066688372,1,87,514.8,74.7698166521268,1,1,16.899373292925826,0
부산_서면,편의점,23327,6,15.742408088287192,3,152,779.4,49.67140712224857,3,2,19.502554918325412,0
서울_송파,헬스장,74314,5,8.762580858189526,1,247,951.8,29.027634022725067,1,0,25.950950699656232,1
대구_동성로,한식,145831,7,1.474534612644213,1,559,1996.6,51.02566862669802,1,1,27.99690918504845,0
인천_부평,헬스장,80931,9,16.168283401294048,0,161,610.1,52.39516888139593,1,1,26.388156042659876,1
경기_수원,헬스장,54057,2,2.117356638209486,-1,247,1015.1,56.785251173762724,3,1,24.331776982006932,1
경기_수원,치킨,53455,9,17.906315125407623,3,97,446.1,73.63381379807609,1,2,21.74591781542578,0
대구_동성로,한식,134729,0,23.909916794690737,2,418,2281.7,81.81447172299669,0,2,18.319964065698674,1
부산_해운대,한식,102954,9,16.47778663557707,3,544,3461.2,60.635631363231816,1,2,15.717099576323998,1
경기_성남,한식,66151,3,16.73369633688765,0,104,675.1,64.65189816455633,1,1,15.404850069154117,0
경기_성남,헬스장,45805,5,6.27381413849147,0,111,604.8,83.90278359666871,2,2,18.352842689356287,1
대구_동성로,카페,162446,13,25.870261365687558,2,453,2777.3,86.98650125891689,0,1,16.310907819470376,1
서울_영등포,카페,109504,10,3.0017303923830783,3,422,2872.3,44.32955631729236,2,2,14.692205502860583,0
부산_해운대,분식,161632,4,13.203806102374864,1,355,1776.8,49.475042869651574,2,0,19.980226571076816,1
경기_수원,카페,51923,10,6.96969426850397,2,281,1257.4,66.28897834703923,3,2,22.348128842492756,0
서울_송파,편의점,53409,4,12.306561149011063,2,357,1600.7,51.67611190229492,2,1,22.30313738221831,1
서울_강남,카페,178959,2,11.41414655893005,3,420,2007.9,64.29880339877866,1,2,20.917874958154584,1
부산_서면,카페,33682,3,1.3737519707379153,1,218,794.7,84.16901016036306,2,0,27.432982638579638,1
경기_성남,분식,76563,11,14.740028064503417,1,147,748.9,55.09398917334939,2,1,19.628368069405948,1
서울_송파,치킨,65954,5,4.404560826367956,1,387,1819.6,50.631323034392665,3,-1,21.26820856951612,1
부산_서면,한식,23358,2,5.489291498413804,3,295,1228.0,20.101094283734298,0,-1,24.021848567346606,1
서울_영등포,치킨,71954,7,14.893095340091039,0,301,1060.7,72.70892056628716,1,1,28.376257742738982,1
서울_영등포,한식,60566,2,2.269121057418907,0,325,1347.5,78.47940917168808,1,1,24.118390809083316,0
경기_성남,분식,26589,5,1.0,1,195,1089.3,35.81931206021629,0,1,17.900978378746636,0
부산_해운대,한식,184778,5,23.274886840409476,1,217,1185.3,64.39568646848922,3,-1,18.308213656639317,1
경기_수원,치킨,80652,2,9.320172592474002,3,260,1105.4,62.97820151692744,2,-1,23.521466456179557,1
부산_해운대,치킨,80956,3,12.748183651261884,1,578,2879.8,91.81006689129677,2,-1,20.07057735848718,0
부산_서면,치킨,59454,6,6.726804616535029,1,131,912.2,38.47005463180716,2,2,14.361602676144972,0
경기_성남,헬스장,63618,6,18.07494400061902,1,287,1214.5,49.627840419394104,0,1,23.63112117797131,1
경기_성남,편의점,62222,7,13.231664062979544,1,151,771.1,68.21524379151768,0,2,19.58122004397635,1
대구_동성로,치킨,92553,5,1.0,0,502,2910.3,46.83503175332304,3,1,17.24901166417153,0
부산_해운대,한식,179430,7,11.098810726779039,2,598,2253.7,74.29219581273236,1,2,26.533569547516596,1
서울_강남,편의점,120225,0,21.17233943976889,1,264,1420.9,52.86522873481944,1,0,18.579623902663286,1
부산_서면,편의점,66799,6,1.0,2,299,1146.7,42.46139098432691,2,-1,26.075267829868288,1
부산_해운대,치킨,189932,2,6.486198048447145,1,512,1869.1,54.73490339472742,2,1,27.39213149506259,1
부산_해운대,분식,80589,6,7.395382309829315,1,589,2955.7,66.11228722502432,1,2,19.927476019248623,1
부산_서면,편의점,23722,1,20.553434912395787,1,122,713.6,46.156955758462196,2,2,17.09744812865546,1
부산_해운대,편의점,185660,5,1.0,1,450,2054.6,56.06955761145233,1,2,21.902332021188453,0
서울_마포,분식,41609,8,16.59992320212911,1,355,2242.7,82.20697959828587,0,0,15.829364374600827,1
인천_부평,편의점,58346,2,3.7354385252104434,1,90,402.5,52.23804185800799,0,2,22.36127553722867,1
경기_성남,카페,45006,1,3.2047339870582867,2,127,447.3,88.24894803182843,0,1,28.393755469247072,0
부산_서면,헬스장,43527,9,8.116884175096242,2,203,869.9,72.71323193501921,3,-1,23.336596807111516,1
경기_수원,헬스장,42927,4,1.0,1,93,453.9,52.503558867563875,1,0,20.487591971804335,1
경기_수원,편의점,43862,4,5.137797415857988,1,108,532.4,52.201525868811096,0,1,20.285644040585645,1
경기_성남,분식,55349,6,7.812386875270308,1,259,1279.3,72.20046339568901,1,1,20.244702159803555,0
대구_동성로,한식,73121,6,7.383528763662799,1,537,2033.7,58.90037713398203,1,0,26.405548198184377,1
서울_송파,카페,50068,4,7.432206338650455,1,338,1915.0,89.95553082484045,2,1,17.650062647272133,0
부산_해운대,분식,185614,4,7.25299311879529,0,306,1717.0,26.614213062520328,1,1,17.821586946486992,1
경기_수원,치킨,41889,6,16.302790118765444,1,185,1085.5,69.02450638637016,1,1,17.0424727228037,1
경기_성남,헬스장,76997,3,15.050355266301402,2,107,461.9,87.41072287993427,1,-1,23.16603275833865,1
경기_성남,카페,79754,8,4.072043237122448,1,106,715.6,84.99237810593334,1,1,14.812601868143352,1
대구_동성로,치킨,92191,10,9.333002569984968,2,475,2866.6,100.0,2,1,16.570307988617376,0
경기_수원,한식,52083,5,9.600366879305719,1,204,1313.6,56.04565315444742,0,2,15.52946652492977,0
경기_성남,헬스장,27189,1,16.11923842066826,2,285,1610.4,29.22488951449494,2,-1,17.696921812135773,1
경기_수원,편의점,81158,7,3.6676993750436377,2,285,1552.7,83.4551369053489,1,0,18.355277221027634,1
대구_동성로,헬스장,76638,3,12.009933478860901,1,243,1470.5,52.4489068718208,0,2,16.52540966720565,1
서울_송파,헬스장,109590,6,14.258854276594583,0,437,2369.0,100.0,1,1,18.446594544737867,0
대구_동성로,카페,102467,5,12.295027985255432,0,542,2021.8,58.19251937763117,1,1,26.807199568633163,1
서울_마포,분식,47493,8,4.453911254571257,2,157,620.0,52.01802292358149,1,1,25.32196551447004,1
대구_동성로,한식,86626,8,20.076120006071953,0,474,1701.6,50.80902117676487,2,2,27.85582238676721,1
서울_영등포,치킨,57241,0,3.1284845087734467,1,389,2411.9,38.8295989991488,2,2,16.12827210399935,0
부산_해운대,헬스장,186490,7,8.74275451549677,1,353,1571.3,91.46120732128328,2,0,22.46558538731073,0
부산_서면,편의점,50771,1,17.074915152102776,1,197,1338.7,74.98087889052078,1,2,14.71557952042802,0
대구_동성로,분식,156133,9,1.7761108413194435,1,253,1555.2,14.875001305035468,3,0,16.268393959330815,1
대구_동성로,치킨,87304,2,4.356472832336689,0,253,939.6,58.73253664736027,1,0,26.926117133687328,1
서울_영등포,분식,61164,6,9.787301573430096,-1,228,1288.0,43.782977317186386,1,1,17.702473510659626,1
부산_해운대,헬스장,112832,12,6.360467358552217,1,409,2183.4,50.158598581027086,0,2,18.732188735763337,1
경기_수원,한식,29121,3,14.735092715463399,0,83,451.0,79.91743953317855,1,1,18.405083617452874,0
서울_마포,한식,111466,6,2.3620967395802834,0,432,2840.7,65.75731796645626,1,2,15.207524061072336,0
경기_수원,카페,72774,5,1.0,1,127,533.7,80.55764188041503,3,1,23.79423651310211,1
부산_해운대,분식,143984,4,13.917039430573269,-1,582,2862.8,43.72939301267528,1,1,20.329418350381236,1
대구_동성로,치킨,137616,7,18.96974784287986,1,428,2807.1,21.37246278413923,2,-1,15.247243946159939,1
서울_마포,편의점,98502,8,21.328669301934845,3,320,2055.6,54.77907616239695,1,1,15.567100465976619,1
서울_영등포,카페,69793,5,15.135516026769071,1,242,859.3,71.24688078468334,1,1,28.161200012859528,1
서울_강남,카페,177449,4,11.018648384377686,2,349,1860.8,47.71754869983368,1,1,18.75502353928977,1
서울_송파,편의점,102217,4,9.049016985282288,1,178,941.8,12.471342873242726,2,0,18.900104399142194,1
경기_수원,편의점,49831,4,11.401677014230353,1,166,731.0,60.165585486668675,0,2,22.70991124755032,1
서울_마포,카페,84439,4,10.923495767403699,3,262,1689.3,50.909045625131114,1,0,15.50969795305791,1
대구_동성로,한식,138472,5,16.844708847803403,0,478,1680.0,17.887061163193508,2,1,28.45228622676746,1
대구_동성로,한식,195659,6,13.551946494833022,2,267,1229.2,32.12337912374154,0,0,21.721313756515904,1
서울_마포,치킨,109806,4,8.717946702626937,1,225,1403.7,52.86653731640258,3,0,16.02951908329842,0
경기_성남,분식,29943,6,9.572972197012316,0,272,1712.8,84.41642597626095,1,1,15.880444647050165,0
서울_영등포,분식,92349,3,6.14567031378509,2,326,1846.8,100.0,1,-1,17.651826856619206,0
서울_송파,한식,48876,0,23.182930371877436,0,195,961.7,32.83339831580474,2,2,20.276580587843547,1
서울_마포,카페,61398,2,18.432721079955932,2,237,1046.1,47.518025753485794,2,1,22.65483639133259,1
인천_부평,분식,34678,4,1.0,2,227,1202.6,23.198445109884943,2,-1,18.875127372160375,1
부산_서면,편의점,25622,5,3.761470499252744,2,196,1063.7,58.76319832078633,1,1,18.426858947146442,0
서울_영등포,카페,91628,8,11.293672117428173,2,275,1742.3,91.17596138995778,3,1,15.783914884649644,0
서울_마포,한식,87975,4,24.082781975098385,2,183,683.7,32.617269253010704,2,0,26.76789176693498,1
인천_부평,헬스장,43283,3,1.0,2,97,344.2,86.73840875129426,2,2,28.180782731079567,1
서울_송파,카페,47987,9,26.125471264733523,2,218,1281.1,30.411115537205518,3,2,17.016256826816548,1
대구_동성로,편의점,184159,7,8.407666180326146,1,390,1666.2,100.0,1,2,23.406712627835017,0
서울_마포,헬스장,72567,6,13.917903306879955,1,209,1303.5,63.75077568827924,2,1,16.034330925104413,0
부산_해운대,카페,172892,5,13.398845067114951,2,329,1987.6,40.11446576622092,1,1,16.552483750251685,1
경기_성남,편의점,59867,4,15.75018100477384,2,290,1852.6,60.912328586430874,2,1,15.65376428249546,0
서울_강남,편의점,171221,1,1.901150674003956,0,299,1555.3,54.15982908973948,1,2,19.224825102041688,0
부산_해운대,편의점,151417,4,13.057204785484375,0,233,1511.4,55.20003564706886,1,-1,15.41627268169831,1
인천_부평,편의점,33386,5,9.089141592170794,0,245,1442.9,52.14914883538053,2,2,16.979992474844842,0
부산_서면,헬스장,64066,8,1.0,3,202,1385.3,80.12609659303048,1,-1,14.58118610713583,0
인천_부평,분식,54980,3,26.06338014083449,2,266,1703.3,48.1385573113554,2,1,15.616534118515691,1
서울_강남,한식,198023,6,8.453404169466676,3,315,1154.5,41.43714723441899,3,1,27.283726662925645,1
부산_서면,편의점,67662,8,4.892347633252113,1,284,1132.4,60.47790193972599,3,1,25.07906647351185,1
대구_동성로,분식,93649,5,17.088461867508503,1,281,1482.9,56.83692311255359,0,2,18.94961368979152,1
서울_강남,분식,197949,1,22.221099352946098,1,288,1799.3,70.20455290339216,2,1,16.005829390512567,1
인천_부평,치킨,51875,4,18.53797524923135,1,164,1059.4,75.92185411997137,1,-1,15.48038579644918,1
경기_수원,카페,86985,6,3.3832313934576606,1,264,1184.0,71.02789099182795,2,2,22.297163297238836,0
서울_강남,카페,70215,8,1.0,1,331,1878.3,63.5695332777078,2,0,17.622209897075667,1
경기_성남,헬스장,25583,5,6.823452603851414,2,113,530.5,98.08867016349481,1,2,21.30217841840065,0
서울_송파,헬스장,42809,4,9.928839954800562,3,345,2118.6,65.92728878509271,1,1,16.284012022069245,0
서울_영등포,치킨,107946,3,19.124555523543314,-1,434,2131.9,73.2940549066622,1,2,20.35754613134261,1
서울_강남,헬스장,135776,4,11.647717823836087,1,568,2817.8,33.48412457291505,1,2,20.157706891285635,1
서울_송파,카페,46080,9,3.1695784482633202,3,180,828.2,78.17919658456262,3,2,21.733455256639978,0
대구_동성로,한식,96081,7,9.353610459057034,2,490,1953.4,34.18422267698815,1,1,25.084612164060548,1
서울_강남,한식,119737,5,11.484653471519227,1,391,1764.0,32.229148923375774,1,0,22.166118116172306,1
인천_부평,치킨,44700,1,20.121052617494215,2,160,921.5,60.32631203371554,1,1,17.36300944439271,1
서울_마포,헬스장,54380,4,9.133897376076147,0,246,1198.7,52.00201875737726,3,1,20.522240633747852,1
인천_부평,편의점,79470,6,7.337149198124077,3,146,979.9,53.38043652772789,3,1,14.899209516074748,0
부산_해운대,카페,118128,9,1.0,1,260,1045.1,84.75307515023997,1,0,24.877022084744404,1
인천_부평,편의점,34271,7,21.261465990140614,1,283,1806.7,76.56459380369246,1,1,15.664180566230582,0
서울_마포,한식,112902,9,2.2499022823828376,-1,162,958.3,52.68988126029468,2,0,16.905701710038322,1
부산_서면,헬스장,35479,5,9.950685101636116,0,176,805.5,55.687808428639556,3,0,21.848960346100547,0
부산_서면,치킨,86900,0,6.868602772598443,0,228,1497.5,41.44871294275083,1,0,15.22499097049796,0
서울_영등포,치킨,94675,9,8.317702337968896,1,196,1196.3,26.602646666525388,3,1,16.383590564134398,1
서울_강남,치킨,108367,0,13.381443514829265,1,380,1745.2,77.31116897514484,2,2,21.77381900045323,0
경기_성남,헬스장,59779,7,7.413284076205482,0,223,1082.9,59.16783084537879,1,1,20.592518317688906,1
서울_영등포,카페,82317,6,3.546353310544574,1,448,1610.1,43.11766765667748,1,1,27.82386655075055,1
서울_강남,한식,91209,5,25.84980689556446,2,243,1417.6,73.64192455199786,1,1,17.14219000457128,1
인천_부평,카페,78446,8,13.23738536846798,2,284,1146.2,73.43062343458107,2,2,24.776971636554126,0
서울_송파,치킨,117355,10,7.553924709481309,2,387,2163.6,44.548625024875186,1,1,17.887189105294134,1
경기_성남,한식,42884,10,2.32249913785457,1,127,812.4,76.46388205385773,0,0,15.632662003079753,1
인천_부평,분식,86708,8,17.81783642870968,2,200,1004.8,63.728323394880924,3,2,19.904905778048,0
부산_해운대,헬스장,185233,7,13.804195226678743,1,368,1361.8,70.94283350120953,2,2,27.02274658718233,1
서울_송파,치킨,108619,3,4.159808481715997,1,230,1197.2,71.66885956996134,0,0,19.21140256967325,1
인천_부평,편의점,86275,4,15.342826453123893,2,89,431.6,83.30247479640269,2,2,20.620948410445646,1
부산_해운대,한식,100935,6,1.0,2,542,1966.6,60.569151623663174,1,1,27.559633311258303,0
인천_부평,헬스장,82514,3,9.781575577426413,3,117,621.6,32.66283273438347,1,1,18.82162861392736,1
대구_동성로,한식,109263,7,7.746052308944834,2,503,2426.0,49.84553773393718,3,1,20.734072695926905,0
대구_동성로,한식,184919,10,4.479697115661589,1,581,3952.7,51.66690424243485,1,1,14.69891465714419,0
경기_성남,치킨,60701,5,16.245748010275378,1,167,820.8,65.43591370264674,3,2,20.346518515543853,1
서울_강남,분식,196759,8,1.0,1,288,1493.9,43.81238357834492,1,2,19.278741081213685,1
부산_서면,치킨,69156,8,1.0,1,233,1510.3,65.99295375674696,1,1,15.426933943848667,1
서울_마포,분식,87588,4,16.608042998630438,-1,407,2487.4,50.75294952413356,1,0,16.362250446991037,1
대구_동성로,분식,166621,7,9.417819024385752,2,377,1850.4,84.23448596941375,1,1,20.373629225625297,1
경기_성남,카페,81465,5,8.27884870974696,1,268,1076.8,54.19925120787255,2,1,24.888907308290495,1
경기_수원,치킨,52152,4,19.178172484618372,3,123,467.8,55.5136205824379,1,2,26.29176028138251,1
부산_서면,편의점,47105,5,1.0,1,189,1199.3,56.820609214602385,2,0,15.75865359728868,0
경기_수원,편의점,66762,3,4.651679528843099,1,200,869.6,38.700023497817,1,2,22.999608733974192,0
부산_서면,한식,39403,5,19.496083700795875,3,177,731.4,82.92060288284131,1,1,24.199590119668038,1
인천_부평,한식,60563,3,3.8227866623742592,2,148,579.2,31.528587156377448,3,2,25.550391368932,1
경기_성남,치킨,42821,11,5.233819668444709,1,230,1211.2,54.363952386265524,1,2,18.98891433817574,1
서울_마포,카페,71099,6,22.501097870128817,1,229,1554.0,65.94111542983819,1,1,14.736070899667075,0
서울_강남,헬스장,173537,3,9.758347401180822,1,441,2187.4,55.003802006315084,2,1,20.160985564834746,1
경기_수원,분식,79342,6,18.02324782493402,1,224,935.1,58.040271065586175,0,0,23.955725673445215,1
부산_해운대,카페,142107,7,8.776257452252867,1,316,2198.9,33.41629733310235,3,1,14.371049029075042,1
서울_송파,분식,103879,5,3.194933212581371,0,342,1244.1,79.64638965510886,0,2,27.489394335285894,1
서울_영등포,분식,59751,0,7.413978173775105,2,315,1225.9,84.6642940787751,2,2,25.695242447946548,1
경기_성남,카페,74144,11,17.68110131280596,3,150,1030.1,28.687039367888076,1,1,14.561965704307275,1
경기_수원,분식,48690,8,21.485102587038735,2,207,1008.7,93.80047690835886,1,-1,20.521514708962066,1
서울_마포,분식,64502,4,15.584906459270366,3,347,1222.0,22.81326456679885,2,2,28.39583377164434,1
인천_부평,치킨,35123,11,6.627638202345674,2,152,1061.6,66.48917208705033,1,1,14.318492802826633,1
경기_성남,카페,85220,0,27.580777178090997,1,237,1280.6,59.188987688355304,2,1,18.507363560298746,0
서울_마포,카페,77661,4,2.083697952540157,1,352,1764.0,58.303606506805146,2,1,19.954803038099133,1
서울_영등포,카페,59156,10,1.0,-1,258,1488.4,60.646604655911496,1,1,17.333902464957816,0
서울_마포,편의점,106214,6,17.248103914918616,2,231,1109.3,58.16587951709748,1,2,20.823995127929614,1
서울_송파,편의점,91588,3,16.163553647149776,1,369,2439.7,69.9217699258513,1,0,15.125063099645908,1
서울_영등포,분식,76931,7,5.7831886450594725,-1,237,1616.3,61.7024411459563,2,1,14.66314113739957,0
서울_강남,한식,146102,10,9.44330912604261,-1,517,2699.9,12.126316965317429,3,0,19.148570177468276,1
경기_성남,치킨,31620,4,7.611777935309924,3,239,897.3,48.669780095370555,2,1,26.63591421428618,1
부산_해운대,카페,173475,2,15.595753510343066,-1,333,1758.9,78.71348912771586,0,2,18.93231603128041,0
서울_송파,편의점,98535,2,3.750192818773443,1,325,2022.2,62.033707908945956,1,1,16.071879397077705,0
서울_송파,카페,43832,6,1.0,2,226,1397.1,41.67716966837313,1,2,16.176363371947204,1
인천_부평,한식,83044,6,3.541851332207302,1,163,831.8,33.80726251782937,1,-1,19.596810322427817,1
인천_부평,편의점,46505,0,6.841857459969923,-1,185,938.4,94.94752719419813,1,2,19.714383707758817,1
서울_영등포,카페,108321,4,1.0,0,348,1588.4,30.113073849971997,3,1,21.908523935884702,1
서울_강남,분식,96183,8,4.538509543435187,2,364,1594.8,77.62324936873392,2,-1,22.824152533992013,0
서울_송파,치킨,70286,5,8.613534517326569,2,319,1662.0,100.0,1,2,19.194231414677137,0
부산_해운대,분식,154627,6,1.0,2,479,2045.1,81.42166161456063,1,2,23.42185394196067,1
경기_수원,한식,56404,7,1.0,2,222,1501.4,55.543686005606354,1,1,14.785859729848033,0
서울_영등포,편의점,111776,6,15.343339056537136,3,352,2433.9,70.2265328832471,0,2,14.462138497833198,0
서울_강남,편의점,97938,8,4.653479100035822,2,358,1990.2,56.71218469854189,0,1,17.987941168322084,0
대구_동성로,치킨,196881,5,5.1397683269281895,3,387,1812.6,29.403341835934597,3,2,21.350147522519922,1
인천_부평,분식,34292,3,16.44418769898271,1,169,665.6,53.56031267081497,1,2,25.39115513216954,1
부산_서면,편의점,36532,6,16.9704685986427,1,145,721.3,70.58612423581147,2,2,20.102308343462205,1
경기_수원,헬스장,67636,5,18.252638794656676,1,279,1510.1,64.00903008680635,1,0,18.47517963513167,1
경기_성남,분식,69990,5,3.242063431991129,1,230,893.1,54.677391973826644,1,2,25.751835101142355,1
대구_동성로,편의점,123463,1,7.1756885800489645,2,289,1735.4,73.44718417767002,2,0,16.653697573586975,0
서울_마포,카페,119732,6,10.174079388114079,1,278,1292.7,43.62471785577958,2,1,21.50538922621639,1
인천_부평,치킨,89206,4,15.29595272439198,2,81,372.6,36.1095412046793,2,0,21.741175885117457,1
인천_부평,분식,79840,6,12.944897417129352,1,103,689.2,48.44158446334579,0,1,14.944895420716634,1
대구_동성로,치킨,182394,3,17.537937012603763,1,392,1928.3,40.8244308762645,1,0,20.328711743253653,1
부산_해운대,카페,81801,1,12.052924756822202,3,360,1472.6,45.14450310942581,3,1,24.44615383994169,0
서울_강남,한식,108967,4,8.06457171089273,0,234,904.7,87.17165739235656,0,0,25.864444428250756,1
서울_영등포,분식,103668,4,8.925419753447624,0,313,1232.0,55.17891499366664,1,0,25.405518302775715,1
부산_해운대,분식,91301,8,9.226250820946227,2,289,1853.5,81.8096944981528,3,2,15.59242973862811,0
서울_송파,한식,41537,9,13.534063072244605,2,392,1987.1,52.1848317387096,1,0,19.726929400448746,1
경기_수원,카페,88681,6,9.196980131127946,2,250,1096.2,57.45074063565231,3,1,22.80537646440493,1
경기_성남,치킨,83644,5,20.14897463841345,0,158,1008.1,31.47755262477648,1,1,15.672722188762911,1
인천_부평,헬스장,46028,5,13.040072531967521,2,185,1294.6,46.273263061303496,2,2,14.290356504650866,0
서울_마포,한식,115652,3,6.453780342069296,0,218,970.3,43.013410283411844,2,1,22.46680284693941,1
인천_부평,치킨,81954,11,10.907787366956931,3,253,1007.5,68.08670955261218,2,2,25.112571205660934,1
경기_수원,치킨,70281,3,11.169749021981579,1,123,754.6,60.76788016477302,1,0,16.300008402008288,1
서울_송파,분식,82498,8,12.53779799095507,1,175,851.6,40.453248815625585,3,0,20.55061503196774,1
서울_영등포,헬스장,93803,8,7.270940633445723,1,427,1752.7,25.469579762731392,2,2,24.362621165262553,1
서울_송파,한식,49490,6,10.982053874762078,2,410,2059.6,31.64311856579619,2,2,19.906342511141627,1
경기_수원,편의점,24886,6,1.0,1,214,1219.4,68.29188701081232,2,1,17.549689144780878,1
서울_강남,편의점,183430,1,9.585609979139782,2,552,2625.1,59.85752775583327,1,1,21.027846225266618,0
서울_마포,헬스장,105641,6,21.06379288425859,2,365,1381.8,73.56918306023677,1,0,26.413943848675668,1
경기_성남,헬스장,70713,6,14.053112754561056,3,246,1254.1,33.596195283350156,1,-1,19.61637820920006,1
대구_동성로,분식,143953,5,7.735435462914546,3,250,1188.9,58.38240854217747,2,2,21.02764114790281,1
대구_동성로,한식,173883,7,9.85876343809111,-1,332,1641.5,60.433841110525684,0,1,20.225007785184125,1
경기_성남,한식,29718,3,5.279599324996521,1,137,676.6,45.12227869348832,1,-1,20.247237093078756,1
서울_송파,치킨,90390,5,17.44760412359644,3,315,1819.2,66.22992137376892,3,1,17.314829168040646,1
서울_강남,분식,107146,3,10.446972155197559,-1,561,2121.9,37.23237222888504,2,1,26.43863040640275,1
서울_송파,한식,45057,7,10.310850489504496,0,397,2696.8,65.47714560798251,1,2,14.720891305610476,1
경기_수원,편의점,59131,2,10.263384266915132,3,267,1556.8,54.5299803640007,2,-1,17.15026091652692,0
서울_영등포,분식,76901,6,23.977951530821958,2,297,1544.0,68.13454938922229,1,2,19.23625445162633,1
대구_동성로,카페,187106,3,4.463827458138042,2,490,2149.2,60.68016192456294,2,2,22.798797869631812,0
경기_수원,헬스장,55031,9,13.836314818041798,1,257,1166.6,62.290873488867085,0,1,22.030629863542448,1
부산_해운대,치킨,198588,6,18.289773912220262,1,387,2220.3,48.20044618494775,1,2,17.43008582540542,1
서울_강남,치킨,149622,3,11.746837327186539,1,203,824.8,80.58826201910652,0,1,24.61228860335324,0
서울_강남,카페,97626,8,1.0,2,385,2011.8,75.65259652633037,1,1,19.137146312070854,0
부산_해운대,치킨,120248,7,11.508549162288762,3,388,2179.0,100.0,3,2,17.806238047072974,0
인천_부평,분식,62748,9,14.651804797872515,3,206,930.4,39.701546166833154,0,0,22.1421826663064,1
서울_영등포,카페,115039,0,9.860972665344699,2,446,1680.6,36.50736646084853,1,0,26.53802161143912,1
경기_수원,헬스장,30702,8,13.880151176703254,0,105,669.2,79.2483281656615,1,0,15.690662363179861,1
서울_강남,헬스장,150103,10,13.906957061185143,1,455,1647.7,10.0,0,2,27.614564316651762,1
경기_수원,한식,72066,4,10.783276931420193,2,270,1632.5,62.06558306013886,0,1,16.538828427044383,0
경기_수원,분식,23435,10,19.20829731759,2,209,813.4,62.226529970126215,1,2,25.69346009188676,1
경기_수원,치킨,35357,9,9.468202443791801,3,129,530.5,52.55016240259706,2,0,24.318511549288733,1
부산_서면,한식,61034,7,4.497544302435027,3,118,687.9,76.32992047786716,0,2,17.153315512882976,0
부산_서면,카페,52376,5,23.517777482037765,1,194,991.3,77.17954052086615,1,1,19.569717322360663,1
경기_성남,헬스장,22765,6,16.89188703674921,1,146,880.5,50.68076126746471,0,1,16.581823173039297,1
경기_성남,편의점,58231,18,7.250838460480785,0,85,356.7,55.31259753610261,3,-1,23.829157160161817,1
부산_서면,카페,38705,6,16.80126694275971,1,123,760.8,59.392917562727014,1,2,16.166901604981923,1
경기_성남,분식,59220,8,7.906965265422784,1,279,1528.9,49.816644601500755,0,2,18.247851878336675,1
부산_서면,한식,75206,4,9.081357286414752,0,269,1841.5,55.99838868386639,1,1,14.607792949454904,1
인천_부평,치킨,42419,4,19.457798629907003,3,162,1073.9,85.85490579036414,3,-1,15.085446151862278,0
인천_부평,카페,78408,6,3.918457769883462,3,127,572.1,44.88590026587015,1,-1,22.197180458502192,0
서울_강남,치킨,195266,4,1.0,1,485,3230.4,61.75558869617937,0,2,15.013667939076825,0
서울_마포,카페,97089,7,19.120898491018444,2,374,2421.0,87.71578844719615,1,-1,15.448442035722485,1
부산_서면,분식,35111,6,8.249240787030388,2,136,935.1,49.46901381158468,2,2,14.544370056955602,0
서울_송파,한식,64502,5,9.843320362256893,2,301,1076.4,38.736532885212995,1,1,27.964594212671734,1
서울_마포,한식,58302,7,9.70873482304673,2,422,1944.4,80.0261307415445,1,0,21.703315162353746,1
인천_부평,분식,31017,6,26.744767446917947,1,85,404.4,57.703955024818725,1,-1,21.017307485360373,1
경기_성남,한식,56390,7,15.6562533258145,0,132,549.7,43.038688039389825,1,0,24.010920534620336,1
서울_영등포,헬스장,75670,6,11.229093625101227,1,345,2050.2,68.30511656735493,1,1,16.827862489867886,0
서울_마포,분식,70028,4,25.21064824552605,1,441,2779.5,73.96776868612179,2,1,15.865940650888955,1
인천_부평,한식,34692,7,1.3231143083140786,2,280,1495.3,72.2351515192263,3,-1,18.72590381691269,1
대구_동성로,편의점,127442,10,25.295664265252785,2,246,1500.4,46.26569313993409,1,1,16.395523069994336,1
서울_강남,한식,105418,5,1.0,1,488,2460.6,68.58356239749997,3,0,19.832963216998127,0
서울_강남,편의점,88807,8,10.906233545876391,3,591,2167.3,20.286732883928813,1,2,27.268502317863014,1
대구_동성로,치킨,187423,8,16.04926493389248,2,595,2643.6,78.66836965916576,0,2,22.507504275458288,1
대구_동성로,헬스장,133321,0,11.405915651809966,3,443,2349.3,62.01582145289613,2,1,18.85663619344779,0
대구_동성로,치킨,106538,0,11.55045314992983,-1,420,2532.6,61.72860378175085,1,2,16.583920604283765,1
경기_성남,한식,25153,4,27.726713201668403,0,278,1674.8,59.58207446790522,1,1,16.59947851714265,0
서울_강남,편의점,118521,3,10.476505884740348,3,554,3425.0,80.57537982846961,2,2,16.17539437705311,0
서울_마포,한식,89508,7,10.527924198287222,0,294,1638.7,39.50143866828464,1,1,17.941315895500527,1
경기_성남,치킨,22739,5,12.200614739393963,1,255,951.2,39.9666697275815,1,1,26.807540202621833,1
부산_해운대,카페,166134,8,13.843924391759321,2,326,2263.0,60.576817432066235,2,-1,14.405370911280679,0
서울_영등포,한식,108827,7,15.90687656749216,0,290,1809.6,67.85268231301936,1,0,16.02571765385994,0
서울_마포,카페,66145,7,14.42484663059468,0,345,1288.0,47.54504879996187,3,-1,26.785885970939276,1
경기_성남,분식,26372,4,7.955408671719438,1,273,1166.1,45.52840152719809,2,1,23.410801094512536,0
대구_동성로,분식,194476,5,12.852209079629764,2,291,1702.9,60.323435978914915,1,2,17.088418861558626,0
서울_강남,분식,113876,2,3.871445080469867,-1,539,2424.6,72.57537158181424,1,1,22.230911513445058,1
경기_성남,분식,86201,4,1.0,0,262,1501.0,100.0,3,2,17.45543371397595,0
부산_서면,편의점,30514,0,10.589407058375604,1,176,1058.9,40.26489621657527,1,0,16.620771036108163,1
서울_송파,카페,66205,3,12.11888596063713,1,197,1069.2,64.05356726770381,3,0,18.424971797132738,1
서울_마포,치킨,41353,4,14.102553240382544,0,365,2051.0,63.26396918992715,1,1,17.796584580123007,1
인천_부평,편의점,52471,4,25.005806567804647,2,255,1577.2,66.91673315591127,3,0,16.167893839087597,1
인천_부평,치킨,36934,2,8.201384124147529,2,278,1483.5,32.04389043151406,3,1,18.73938973387533,1
서울_마포,헬스장,66370,9,16.804398760178053,1,448,2211.8,59.7339072924273,3,2,20.254824158966684,1
서울_마포,치킨,61390,3,6.229984286923631,1,231,1146.4,43.646352067897325,0,0,20.14955086093404,1
서울_강남,편의점,106737,2,13.228613455106599,2,412,1920.7,65.77729894039373,2,0,21.450010143391317,1
서울_강남,헬스장,155283,7,16.776718646435796,1,402,2188.3,100.0,1,2,18.370414236404027,0
경기_수원,카페,68825,7,1.0,1,133,499.4,34.74460448602872,2,0,26.634159382376467,1
인천_부평,치킨,73632,1,20.186823456029366,1,135,484.2,81.82298185071005,2,0,27.878385405728224,1
부산_서면,분식,44003,5,15.351347542140534,2,216,1403.9,40.390609301562044,1,-1,15.385558402990373,1
부산_해운대,분식,169087,10,12.566548685031057,-1,584,3167.6,58.33566259532016,0,-1,18.436931179185223,1
부산_서면,한식,86961,9,11.22622464516302,3,167,863.4,40.69447320800885,3,1,19.34279241067836,1
서울_송파,카페,111492,6,2.895218173776035,2,254,1043.9,45.516274681162955,1,1,24.332455136035495,1
서울_마포,카페,90617,5,26.82112734249843,1,163,734.4,68.73059335625122,1,2,22.195859864491396,1
서울_송파,헬스장,77289,6,9.82617132607372,0,250,1185.6,72.40297560830928,1,2,21.08568758261925,0
대구_동성로,치킨,109291,0,11.172990740606933,2,309,1409.7,83.24519195011334,1,1,21.918943526686128,0
서울_강남,한식,80974,4,7.951585657688563,1,222,821.4,55.27791978161584,1,1,27.02814632423346,1
대구_동성로,치킨,150391,5,17.50375757319389,0,404,1432.1,45.63922373189702,2,1,28.2097332587966,1
서울_영등포,한식,77941,9,12.769770897880761,2,430,2907.9,75.05845330575661,1,-1,14.787535975040269,1
서울_강남,분식,103351,8,10.173590442400247,3,505,3365.5,42.314219940233635,1,1,15.005106661665119,1
경기_수원,편의점,39731,2,1.0,2,227,851.5,62.05717155864668,0,1,26.65903363000593,1
대구_동성로,편의점,108015,6,1.0,1,398,1643.3,66.2298171759558,1,2,24.22023402896211,1
경기_수원,헬스장,24922,2,9.365719078381174,1,120,715.8,61.33524250708779,3,-1,16.765543002639152,0
서울_강남,편의점,95025,3,16.48182570500232,3,530,2566.5,58.178482792939455,1,2,20.650550711973224,0
인천_부평,치킨,29425,12,8.570464425231235,3,237,1351.2,75.35000078045039,1,0,17.540610003561422,0
대구_동성로,헬스장,137421,8,1.3523756501117976,2,364,2130.5,90.46453414357678,1,-1,17.08483557202387,0
경기_수원,한식,24947,12,14.462342303643732,1,147,659.5,73.79158428730886,2,1,22.290228390041083,1
부산_서면,편의점,76176,7,10.646497857348093,1,156,959.4,47.994268480744196,1,1,16.259734510875905,1
서울_영등포,카페,50391,7,4.685230065199885,3,307,1924.0,66.38320355017818,0,1,15.956632593105352,0
경기_수원,카페,53725,5,1.0,3,128,735.7,74.90301728569635,1,0,17.399214718970754,0
서울_강남,분식,105645,11,17.062854393909326,2,398,1800.5,51.9582054906557,1,0,22.10529713139425,1
경기_성남,한식,52583,2,12.06892421250722,1,104,520.3,65.78044101210806,1,0,19.98773696461319,1
서울_영등포,분식,67328,3,13.42337893359253,3,299,1469.8,96.36967975071599,2,0,20.342905195041826,0
서울_강남,분식,130998,4,1.3230639974383234,1,282,987.2,29.942587826352213,1,0,28.564544382403678,1
인천_부평,카페,66246,6,1.0,3,233,1012.3,55.60709968932491,2,1,23.016421950319923,0
서울_송파,카페,106188,4,4.907250086981571,2,317,1793.9,56.62805626262707,0,-1,17.67066481765002,0
서울_영등포,한식,67624,7,1.0,1,289,1029.7,80.60598427237056,2,0,28.06656353379784,1
경기_수원,분식,45192,8,1.0,0,226,1425.9,10.0,1,2,15.849626718412734,1
인천_부평,한식,73517,0,5.716564799021958,1,231,1004.4,60.82458501889808,0,-1,22.998939058794583,0
경기_수원,치킨,42620,8,11.360871457978316,-1,144,633.9,80.47749324260008,1,1,22.715202389718296,1
서울_송파,분식,50839,1,16.636590712052627,0,160,610.9,64.48834415888233,0,1,26.18984338047316,1
서울_마포,헬스장,77606,7,5.85916954629498,1,390,2271.5,40.49079944647974,1,2,17.16929093702011,1
경기_수원,편의점,89930,7,6.399829341089985,1,286,1328.2,65.40117241925958,1,2,21.53257490028512,1
인천_부평,헬스장,44853,4,12.73256336076763,1,136,695.4,56.92189546050625,2,0,19.5578342404287,1
인천_부평,편의점,34648,10,17.781355060560962,0,188,1280.3,67.02813337684566,1,2,14.683818317192499,1
부산_서면,헬스장,65565,4,8.432193644895111,2,188,815.4,50.22642219401884,1,2,23.055254580139028,1
서울_송파,편의점,44477,3,17.03781942380989,2,420,1573.0,59.9732600959588,1,1,26.69973745320672,1
경기_성남,헬스장,38263,9,6.404410156214825,2,92,436.8,81.24004404611142,0,2,21.06430897752204,0
서울_마포,한식,71075,5,1.0,1,422,2173.2,54.15821579377984,1,2,19.418295084332605,1
서울_마포,헬스장,85312,5,11.049430574373117,1,338,1448.7,62.40240565437317,1,0,23.332005744471264,1
인천_부평,치킨,42117,5,13.441681824067835,1,157,790.5,50.87275239733473,3,2,19.860420859762492,0
부산_서면,헬스장,73450,10,11.997795637051809,3,148,1008.1,62.79987485272869,1,0,14.681561346409108,1
경기_성남,한식,52535,12,20.399120256054466,1,152,830.8,72.12038277709964,1,0,18.296436161628566,1
인천_부평,카페,33313,4,21.311958437942593,2,103,380.7,76.52057583413564,1,1,27.056217897984723,1
서울_영등포,분식,64312,2,21.381127138792017,1,406,2816.6,46.8004723002111,2,1,14.41447021160475,1
경기_성남,분식,59770,9,1.0,3,193,760.7,21.933590459393592,0,0,25.3708209528613,1
인천_부평,치킨,35261,6,7.662380825862463,2,228,1253.1,35.08515099532659,1,1,18.194740492116928,1
부산_서면,카페,70903,7,9.87473516094155,0,213,1474.8,40.47199902672405,1,1,14.442666617883301,1
서울_마포,카페,74743,1,6.413778826786336,3,294,1070.8,79.33088501041225,0,2,27.4570640729019,1
부산_해운대,한식,197205,3,4.890912894761853,3,479,2088.9,99.48793488960058,1,1,22.93052530203064,0
서울_송파,편의점,52501,2,15.070944933128057,0,223,1230.2,33.31623295954003,0,-1,18.127246421580566,0
부산_해운대,한식,97610,6,13.20126996760736,3,507,2477.7,100.0,2,1,20.46257526276834,0
서울_송파,카페,41509,6,10.976484573032213,1,266,970.3,100.0,1,2,27.414522860771307,0
인천_부평,헬스장,50782,5,23.389087952145655,2,235,1217.4,16.52462191172016,1,1,19.303259322024484,1
서울_마포,치킨,78314,3,11.819705955505837,0,275,1470.0,91.16367261525374,0,1,18.707015482536253,1
서울_마포,분식,75057,0,13.955870571468225,-1,352,1661.5,53.78546300111062,2,-1,21.185953028272607,1
경기_수원,편의점,58736,8,1.0,0,202,1038.6,100.0,1,1,19.44904676783483,0
대구_동성로,카페,122134,6,1.0,1,289,1319.8,42.117171223896456,2,2,21.896530347294902,1
서울_강남,한식,70671,2,24.66953752229315,0,465,2690.5,63.563648921157025,1,2,17.283161154210703,1
인천_부평,치킨,22176,2,8.053470295661805,2,114,735.3,34.23542688955038,1,2,15.503094863015079,1
서울_영등포,분식,114716,7,3.625484389722571,1,390,2331.3,27.643987723693257,2,0,16.728513672816796,1
대구_동성로,치킨,159314,7,16.87073012709385,3,493,2774.2,65.49825421575014,1,0,17.77092312801787,1
서울_강남,헬스장,195261,5,15.008451677386397,1,568,2750.5,69.01925269552953,2,1,20.651041455528578,0
경기_성남,카페,70016,9,8.464293545694181,0,284,1047.9,60.39403873266262,2,-1,27.10217252696979,1
서울_강남,치킨,192848,6,13.287052278288742,2,447,1735.6,26.95401423275713,1,2,25.754970511577064,1
부산_해운대,카페,97588,2,14.521232941931247,1,312,2001.5,38.019104968902546,0,0,15.588154517603876,1
인천_부평,카페,82502,6,16.93929034813543,0,133,569.9,71.29970316569023,2,1,23.335632045072487,1
인천_부평,한식,57696,5,8.895105852719418,1,152,830.1,49.27836409758293,2,1,18.31092565469365,1
서울_강남,치킨,107271,1,6.3520522294486375,1,340,2184.8,57.090818977852884,1,-1,15.562327068023329,1
부산_서면,치킨,42024,2,10.956181769121267,0,104,381.0,60.507705559445434,2,0,27.297069784749628,1
서울_송파,편의점,44535,6,18.098578358950327,1,377,2211.0,29.023523240786005,1,2,17.05101291352312,1
경기_수원,카페,53822,6,1.0,2,262,1169.0,37.93906801773497,2,-1,22.41251775779093,0
부산_서면,헬스장,47657,10,14.361611435223665,3,159,949.1,40.031182942465634,0,0,16.75255623575612,1
대구_동성로,분식,193911,10,11.158425751857923,0,407,1698.0,94.92307559102115,2,2,23.968992493372312,0
서울_마포,카페,90613,8,1.4380282991340376,0,285,1576.3,54.301753042450706,2,0,18.080567455434334,1
경기_성남,카페,32109,7,1.0,1,260,1201.7,48.412923343246824,2,2,21.63623328887991,1
부산_서면,분식,81707,3,18.993567966840146,2,248,1191.7,54.29539368255102,0,1,20.81136094901379,1
부산_서면,치킨,89165,2,11.13648192571534,3,146,1008.9,38.853547943758,0,1,14.471312804841757,1
경기_성남,카페,81142,4,2.8338840237698095,2,197,739.3,71.77270919592546,2,2,26.646751105499416,0
대구_동성로,편의점,168557,8,15.20476491488576,1,206,949.3,69.8401382063087,2,-1,21.700949918245232,1
인천_부평,분식,86540,6,17.179424797108076,1,126,695.8,60.98656331589687,2,1,18.107512243816416,1
부산_해운대,치킨,77498,8,16.070311889794173,0,515,3390.7,50.05291257171814,1,1,15.188639825046518,0
대구_동성로,편의점,74722,2,19.11638521397633,1,564,3941.5,74.77646566900731,1,-1,14.309444510890156,1
경기_성남,한식,84094,9,9.334218466094638,1,88,445.8,53.339247618924766,0,2,19.7415616819057,1
인천_부평,치킨,40156,5,5.783066295374168,0,156,605.9,74.92347276158087,0,1,25.748462826171668,1
서울_송파,편의점,73979,6,1.0,3,413,2260.6,37.26198382808695,1,2,18.269730091353427,1
부산_서면,한식,86615,3,1.0,-1,297,1053.8,86.33711319239796,3,1,28.184367353573464,1
경기_성남,카페,34780,5,9.19869339740796,2,97,369.3,62.95511814800257,1,2,26.26732110941008,1
서울_강남,치킨,109199,7,17.007076440222864,1,254,1306.8,51.298395493399624,3,0,19.436631108183498,1
경기_수원,헬스장,20684,8,11.295474813163727,1,220,1261.6,72.0882632512736,1,0,17.438029936369553,1
경기_성남,분식,51996,9,25.464287766820753,1,100,500.1,85.81096451535916,0,2,19.995576939486643,1
부산_해운대,헬스장,119632,8,8.50321227104693,2,343,1582.7,87.87257351714689,1,2,21.67207854328374,1
서울_마포,한식,89306,1,7.368449960604945,1,380,1667.1,21.21189183716251,1,1,22.793435146514305,1
경기_수원,편의점,62845,8,8.866316281410707,2,155,594.1,68.7682539899329,1,1,26.091281692241232,1
경기_성남,분식,76494,5,18.669905973089534,1,80,346.2,47.253426921199186,2,2,23.105425904162132,1
경기_성남,치킨,48460,7,12.245319006812977,1,243,1562.0,43.2032425843922,1,0,15.557099655203832,1
부산_해운대,분식,112215,5,16.701862488732413,1,560,1988.4,22.401444506327238,1,0,28.162645115430596,1
서울_영등포,카페,54961,10,15.092159476409021,1,413,2328.5,76.14484775547061,3,-1,17.73675371547544,1
경기_성남,한식,39333,4,11.638639530204353,1,245,1341.3,95.04539999799638,1,2,18.265901869276053,0
서울_강남,카페,192778,5,11.452310325475281,1,446,2960.4,51.51675993045768,3,1,15.065312169472342,1
서울_송파,치킨,114034,5,21.287070452860487,-1,204,935.0,77.92155178990579,0,2,21.81759049660214,1
서울_송파,카페,73414,4,19.568822523416898,1,150,773.2,71.08184214007852,2,0,19.399057219309455,1
경기_성남,한식,87619,4,13.484518165924442,2,146,904.1,26.114882080098447,1,0,16.148887687041967,1
경기_성남,치킨,80520,9,7.289254438147333,0,248,1410.5,38.05120846930082,2,2,17.583026004806094,1
서울_영등포,편의점,44761,6,16.781389269769473,2,187,1198.8,52.753048849077956,0,1,15.599385952836203,1
경기_수원,분식,49181,8,14.508539521209148,1,237,899.5,63.077822229628524,1,-1,26.347976872014673,1
부산_해운대,분식,185248,5,9.634326392656622,1,576,3638.3,87.82307970843527,1,1,15.83144966539258,0
서울_송파,분식,102901,7,13.160287105946574,1,413,1841.6,79.75470202050616,1,0,22.42634566752762,1
서울_송파,한식,49046,9,16.310678542723508,1,398,1874.1,47.025263906388204,2,-1,21.237266483674794,1
서울_마포,카페,54925,5,7.707424259436189,1,409,2006.3,82.20794767714904,1,2,20.38571367278174,1
경기_수원,치킨,43241,7,13.199280459174568,1,102,439.1,83.91952924967407,1,1,23.227208180053232,0
서울_마포,편의점,88888,4,4.881259395953669,2,370,1985.9,77.55420567047065,0,1,18.631776722228025,0
인천_부평,편의점,81501,5,1.0,2,126,634.6,66.80119301411399,3,1,19.85448563740443,0
서울_송파,헬스장,45255,4,1.0,3,345,1355.6,82.89358691260375,1,1,25.4504852003193,0
부산_서면,카페,89050,4,1.0,2,86,432.1,91.4719927846517,2,2,19.902232064067753,0
서울_마포,한식,78665,4,18.652182761135883,2,420,2782.7,47.666937560530556,1,1,15.093482834613821,1
경기_성남,치킨,38325,12,1.0,3,156,836.6,54.87194888935408,1,2,18.64605312463867,0
대구_동성로,편의점,173235,1,1.1317230095138413,1,355,2164.8,68.7733592511652,2,1,16.398588394156086,0
인천_부평,카페,25741,9,4.127231011246092,1,101,645.8,86.41853660723983,3,1,15.640090500815361,0
서울_영등포,카페,62462,7,15.163381510913517,2,272,1876.3,45.882419718795695,1,1,14.49660574935172,1
서울_영등포,분식,89416,0,12.320296274316267,0,242,1442.9,34.31225927854972,3,-1,16.77191268117322,1
부산_서면,편의점,74078,10,11.594369009834102,2,190,733.6,27.02048324217394,3,2,25.899934246898464,1
인천_부평,치킨,62915,10,6.733981501580564,3,149,587.6,47.42659505938279,1,1,25.3594990804292,1
서울_송파,헬스장,50588,0,2.1318167068857417,1,217,1260.3,71.263573957689,3,2,17.2184429761843,0
경기_수원,카페,66766,3,1.8722132690674478,3,262,1397.1,47.79635782471409,1,-1,18.753297374110787,1
서울_마포,분식,90385,2,1.0,2,367,1656.5,39.91418873011494,1,-1,22.155561227632777,1
서울_송파,카페,89892,5,7.578134183682565,0,150,616.4,18.576402348390673,1,1,24.336605027416386,1
경기_수원,치킨,20569,8,6.508915899483237,1,261,1067.2,46.601587111230316,1,2,24.45638616791361,1
경기_성남,한식,76151,0,12.142951406089974,0,228,1151.3,67.28908691575435,0,-1,19.803245452795892,1
서울_마포,치킨,112887,5,7.582387281350545,2,429,2041.9,94.05289338744399,2,-1,21.009731358419366,0
부산_해운대,한식,188171,9,8.193681390721869,1,421,2919.0,85.37166471294938,0,0,14.422515529635755,0
서울_송파,치킨,101606,7,2.730105857748809,0,382,1430.1,85.84858748674165,1,1,26.711110128041625,1
서울_송파,카페,108232,8,1.0,2,386,1947.2,70.02342528977337,2,-1,19.823726713856797,1
인천_부평,편의점,80071,6,5.200275576869089,2,133,565.5,76.4059674901793,0,0,23.51839341129625,1
서울_송파,편의점,64918,5,14.566285750797622,0,319,1308.4,49.38468223693286,1,2,24.380979374756212,1
경기_수원,한식,34179,2,21.637885567798158,2,119,751.0,55.180788342881634,1,2,15.845940070703193,1
부산_서면,편의점,67632,9,23.227270032476323,0,193,759.9,72.36176032414865,0,1,25.398635794863893,1
서울_영등포,카페,40255,7,5.7405426738815875,1,230,1232.3,39.84264173555739,0,0,18.6636574181425,1
대구_동성로,한식,70591,10,16.314752631201763,2,333,2293.5,56.88893405725788,0,1,14.519017834016621,1
대구_동성로,치킨,147922,9,2.011346482086905,1,441,2431.8,52.24476434586955,1,1,18.134820756378765,1
서울_송파,한식,116464,11,14.829281892805614,2,371,1677.0,71.93959347035022,2,2,22.12294193661639,1
서울_송파,카페,52026,5,1.4167444953112156,3,313,2143.7,100.0,1,2,14.600831866122869,0
인천_부평,헬스장,84230,6,1.0,1,236,1196.4,38.19529839628498,0,2,19.725039661486022,1
대구_동성로,편의점,106575,5,25.77443370836088,3,396,1966.9,50.727572497261775,2,0,20.13365875191199,1
서울_강남,분식,139374,0,9.338402417425625,0,210,980.4,77.96210786973234,0,2,21.42083457052919,1
대구_동성로,치킨,79916,9,14.360525888683748,3,243,950.4,96.20655181445392,2,1,25.567825310733056,1
서울_송파,분식,74248,3,14.43426053279034,2,205,863.7,77.03544327185946,2,1,23.734837511222377,0
경기_수원,헬스장,81748,9,1.0,-1,206,879.7,63.68833138853955,1,1,23.41672302938683,1
부산_서면,편의점,89212,10,10.843264466390496,0,297,1446.9,40.039280762659224,1,1,20.52631877053022,1
경기_수원,분식,28680,5,10.62665435532456,3,285,1862.8,61.344069054204226,1,1,15.299480642574121,0
서울_강남,카페,86360,0,5.133954493461893,1,458,3161.5,69.46290906535575,0,1,14.486866533808119,0
서울_강남,분식,119714,3,17.939732996117147,-1,377,1515.5,56.957191332064575,1,1,24.87679156448942,1
경기_수원,분식,69725,5,1.8587014480077872,1,198,708.6,89.24509208069458,2,1,27.94259917048738,0
경기_수원,편의점,63952,5,11.469808350672418,1,122,485.2,89.19309659171019,3,1,25.14535917446673,0
부산_서면,한식,75781,6,17.37328367586709,1,109,692.7,68.75802802872622,0,2,15.734419624594784,0
서울_강남,분식,80510,7,10.141314333133575,1,213,960.4,63.15781198228973,1,1,22.17929577995014,1
대구_동성로,분식,92072,3,16.59582191480606,0,319,1661.2,39.79199893440605,3,1,19.20351526644507,1
서울_마포,헬스장,80642,4,11.431612019678582,0,391,1840.0,50.094078582378614,0,0,21.25050452497684,1
대구_동성로,한식,70255,4,12.115080217732052,2,248,1560.3,21.83594843337871,0,2,15.894716762151473,1
경기_수원,카페,84912,7,21.560111226600714,2,197,1295.8,59.61972524281091,1,1,15.202444546413286,1
부산_서면,카페,20329,1,2.1890951711658975,1,227,1248.7,55.6669660917048,3,2,18.179411350352506,0
경기_수원,분식,65440,8,10.074453878440767,2,139,496.4,33.27994215130144,2,0,28.000179803870235,1
부산_해운대,편의점,143973,7,8.168598120643908,1,310,2146.6,64.8087263040722,3,1,14.441360436887535,0
인천_부평,편의점,66359,10,18.950813953239606,2,156,817.0,15.095404171958762,1,2,19.093457070529855,1
인천_부평,한식,54674,7,1.0,1,265,1343.9,31.520837756047865,1,2,19.719233494985282,1
경기_성남,편의점,70100,6,13.367043427679764,-1,87,323.9,39.46028749216064,1,1,26.86271804219234,1
서울_송파,치킨,72274,5,2.480620591371669,3,305,2133.8,92.0646239324512,1,1,14.29358085051366,0
부산_해운대,치킨,137936,3,2.151814757325245,1,499,2842.4,13.319542827980584,2,1,17.5553428769932,1
경기_성남,헬스장,53642,6,25.87642932255094,2,247,1584.6,73.38848526682622,0,-1,15.587830891828153,1
대구_동성로,한식,148672,7,4.507272287006496,1,543,3545.8,74.22090608794726,2,1,15.313829376117507,0
부산_서면,치킨,88795,7,4.865625533252044,1,218,1109.5,63.73980419449329,1,-1,19.647962946202032,1
경기_수원,한식,69954,5,3.3792189514801185,2,102,368.0,44.55151345169047,2,2,27.71839017280359,1
대구_동성로,편의점,190321,4,4.665709308286453,0,371,2542.2,51.770175175574394,1,0,14.593376933447818,1
경기_수원,헬스장,33470,7,13.757594334921158,0,200,718.4,30.17630517669275,1,1,27.83931780081511,1
부산_해운대,편의점,168869,7,9.179322873947823,0,541,3737.2,74.66696465378077,1,0,14.476132354652723,0
인천_부평,분식,69004,3,2.38112135029008,1,108,654.8,100.0,0,1,16.493940202434793,0
서울_강남,헬스장,169065,1,2.1605960100819166,-1,423,2221.2,35.43040205673071,2,1,19.043383092379422,1
부산_해운대,치킨,96997,5,4.189066125936784,1,309,1646.0,79.25424192127568,1,1,18.773094281981596,0
부산_해운대,편의점,161725,1,16.08382065888331,0,277,1705.8,51.65323920241367,1,1,16.239037416486386,1
부산_서면,헬스장,35141,0,1.0,1,153,986.4,33.58412114370601,1,-1,15.511674227102073,1
경기_성남,헬스장,63372,2,2.826132859614753,2,182,1136.0,33.12062036459767,1,-1,16.02133164242451,1
서울_영등포,치킨,115268,3,11.733441308407233,2,168,624.0,60.120920318706105,1,1,26.92119195919386,1
부산_서면,한식,53910,6,5.145213773764703,2,244,1285.9,65.99391111102183,2,-1,18.974979053609626,0
부산_서면,편의점,29596,6,14.576832561436653,0,236,1380.7,55.30469297122366,0,2,17.093165867553306,1
인천_부평,분식,54928,4,9.57139437358616,1,188,1191.3,82.26544625478786,2,1,15.781545042195692,1
서울_영등포,헬스장,48798,8,8.044527072106723,0,205,948.6,59.92988546482652,1,-1,21.610958594254946,1
대구_동성로,치킨,143356,8,15.438521846483802,2,325,1850.5,86.93143325220592,1,2,17.563137936303935,0
부산_서면,헬스장,30985,10,9.75432473250784,1,207,1325.2,42.92134183079888,1,1,15.619786335402294,1
경기_수원,카페,62255,9,12.067742298500427,1,245,950.4,92.31576302296678,0,0,25.77975544410001,1
서울_영등포,분식,48711,4,19.20157489672212,3,253,986.9,46.27444751132013,1,2,25.63505366899768,1
서울_송파,헬스장,53280,8,15.105468758212442,3,429,1541.4,31.366821680054684,1,2,27.831051260316762,1
대구_동성로,편의점,146025,6,16.88829017033136,2,288,1583.9,94.58579351447955,0,0,18.18284848950248,0
서울_강남,헬스장,176397,10,1.0,1,548,3299.8,32.55841625460772,2,1,16.60710815793996,1
서울_송파,한식,43679,9,24.825465204934318,2,422,2302.2,47.69540499964691,2,-1,18.329947310691686,1
서울_강남,분식,101923,8,2.3809758361272166,3,257,1402.5,12.21638608120142,1,0,18.324581397439182,1
부산_서면,헬스장,23216,8,14.500358319567368,0,136,842.7,64.94665460611768,2,1,16.137660477094933,1
인천_부평,편의점,37883,3,10.553585933102498,3,166,875.9,50.034191206427366,0,-1,18.95113600117658,1
인천_부평,헬스장,64348,9,1.0,2,99,589.9,69.18595130821878,2,2,16.782856202420998,1
경기_수원,헬스장,69323,5,7.31421021446604,2,88,601.6,86.72763606906375,1,-1,14.628574330820918,0
부산_해운대,카페,187492,6,4.993260368276864,1,551,3707.5,46.116465282292964,3,2,14.861609869518952,1
부산_서면,헬스장,65761,5,14.28203701577204,3,220,975.0,40.42461541767983,2,2,22.564107406042798,1
부산_해운대,카페,95976,6,7.301547313613493,1,340,2088.4,18.572456413236857,1,0,16.280571023930552,1
경기_수원,한식,48180,3,9.188020493749265,1,231,1376.2,81.70444527323264,1,-1,16.785352677503894,0
서울_영등포,치킨,87003,6,8.593556935396066,1,248,1675.7,55.16107199709703,2,1,14.79979042527162,1
부산_해운대,치킨,75212,0,24.851419151311426,1,467,2412.0,63.16187797153572,3,2,19.361861663237413,0
서울_강남,분식,188943,6,9.36854977494515,2,365,2184.3,69.89249279148572,3,0,16.710346128796257,0
부산_해운대,헬스장,80547,6,20.427195866133545,2,337,1560.4,100.0,1,0,21.59755498734492,0
서울_마포,분식,53463,4,1.0,1,251,1238.0,38.26049492698788,1,1,20.274976311804586,1
인천_부평,한식,72576,5,9.644394479663266,3,147,825.7,39.21777663264521,3,1,17.80206756433051,0
부산_서면,카페,44016,11,6.2099784844801755,1,202,898.5,44.50166932545467,3,-1,22.48109310154769,1
경기_수원,한식,77346,8,5.596734971574723,2,244,858.9,21.653022279794023,0,1,28.407498519293238,1
부산_서면,편의점,56776,1,27.673022512122888,2,156,808.6,32.068576675634176,1,2,19.29224150538386,1
서울_송파,헬스장,60448,5,14.542173481326873,2,223,1152.3,99.67267304872038,2,1,19.352900820449793,0
대구_동성로,카페,150268,6,7.725736297518425,1,583,3136.0,58.66876902911086,3,2,18.59068216607177,1
인천_부평,편의점,59107,8,6.10089172289309,1,112,588.6,10.0,1,0,19.029256831678744,1
서울_영등포,한식,113366,9,12.63819292309253,1,325,1281.4,39.16373263990804,1,-1,25.363452578697103,1
경기_성남,한식,68621,1,8.432985371677324,1,225,1208.3,53.15142813210855,2,2,18.620762106601646,1
서울_송파,치킨,76051,9,13.468490683981265,0,187,951.5,48.06793290183291,1,1,19.653554372583866,1
서울_강남,편의점,170874,3,6.846757943813922,1,375,1719.1,100.0,1,2,21.814158813730238,0
서울_영등포,카페,58030,6,13.049988483147725,3,187,1204.9,68.97640182141623,2,1,15.520157809930843,0
서울_영등포,치킨,95692,13,2.3225893958137176,1,323,1886.2,58.621204075904934,1,-1,17.124137505108443,1
서울_강남,분식,101770,6,9.728934568816364,3,271,1325.3,91.79753780485868,1,1,20.448444781316518,0
서울_강남,카페,140441,5,27.58815905548292,2,379,2583.4,34.31567514140691,2,1,14.670568401503528,0
서울_송파,편의점,81552,3,7.649151502893551,3,219,1027.6,67.17257157123807,1,2,21.311356503859834,0
대구_동성로,분식,156916,6,10.407489089595396,1,420,2147.6,69.40965992258214,2,2,19.556484079972584,1
서울_영등포,카페,105592,11,1.0,2,330,1418.8,26.414268261024063,2,0,23.258889722663444,1
대구_동성로,한식,160810,7,4.588669692562101,0,563,2194.1,95.92136658503365,0,-1,25.659726109284307,1
서울_마포,헬스장,58996,7,19.85109794574212,0,255,937.2,68.15620029235508,3,-1,27.20921222862155,1
서울_송파,헬스장,107546,8,20.472814569466344,-1,359,2361.1,70.9789875322272,1,-1,15.204764578544497,1
부산_해운대,카페,158666,9,9.860571225901882,1,447,1599.8,55.04239761842674,2,0,27.940812902210354,1
서울_강남,치킨,163616,6,1.0,0,549,2898.4,69.22544168635662,2,0,18.941471337168974,1
서울_송파,치킨,40015,3,22.3543966388554,3,243,1317.5,100.0,1,1,18.444088836008966,0
경기_수원,한식,41050,5,18.1785524306381,2,292,1863.0,71.89052253935922,1,0,15.673715280925467,1
경기_수원,한식,86299,3,8.984847610841744,1,197,1182.0,36.6776418552096,0,2,16.667349947453992,1
대구_동성로,치킨,117857,7,6.726267777192605,3,380,1706.4,20.49723468673224,0,1,22.26894057612711,1
서울_강남,카페,98190,3,5.566730025736227,1,433,2209.1,99.58356502227647,1,2,19.60108016458449,0
경기_수원,분식,62220,9,3.4825059659710957,0,102,417.2,77.06786877717752,2,1,24.44715359763247,1
서울_마포,분식,110009,0,3.461243742343381,-1,324,1987.9,69.40120944609708,0,-1,16.298761087693844,1
서울_영등포,분식,94567,5,7.390804291799175,0,425,2450.0,51.570269282969626,1,2,17.346819313912537,1
경기_수원,편의점,34901,0,8.705610967866665,1,189,720.1,73.00177816163288,2,0,26.247903393503147,1
서울_마포,카페,117395,1,15.977950069654623,1,159,697.9,70.58139670345481,2,0,22.781004833311354,1
서울_마포,분식,40824,5,6.870324840975638,1,206,736.1,48.70615768484157,2,1,27.985632486859302,1
서울_송파,분식,49695,0,7.324234266996875,0,369,1479.6,59.340193943455,3,0,24.9395180223945,0
서울_마포,치킨,113501,4,15.108507575901726,1,215,1134.1,34.24233689797162,2,2,18.95733307252252,1
서울_강남,한식,72708,1,1.920856306543211,2,549,3633.5,86.27564353143615,1,0,15.109200664651782,0
경기_성남,헬스장,37769,5,6.632356297250656,0,225,1537.9,46.70524928517862,1,1,14.630179569943378,1
서울_마포,치킨,55861,4,1.425000779379646,1,209,1310.1,38.28504578436901,2,1,15.952743483477494,1
인천_부평,분식,47453,6,6.066489202994516,-1,217,1346.2,31.421907869765462,1,-1,16.11930227974791,1
경기_수원,치킨,60498,7,4.240008689370973,2,131,571.4,67.92733912934702,2,0,22.92553920235382,1
서울_송파,카페,95268,6,7.748736387282891,1,312,2178.0,86.74354332709999,3,2,14.32492340326591,0
서울_마포,편의점,115350,9,13.008853057336621,2,216,902.0,46.764003094379895,1,0,23.946061235059254,1
서울_송파,카페,107612,6,12.414766944463679,1,412,2818.2,20.69696505638771,1,1,14.619016833392756,1
인천_부평,분식,80155,9,13.443954407855472,2,118,518.3,81.45859229014692,0,0,22.766012285692593,1
서울_송파,편의점,77317,3,2.316723124069913,1,232,1282.9,52.76743781254909,3,-1,18.083550947104115,1
서울_마포,분식,107203,0,2.8604386332716487,1,425,1502.5,48.856111141225554,2,1,28.286550903340785,1
인천_부평,편의점,85063,5,11.537491106319102,2,275,1714.0,93.4392592014655,1,2,16.04475960351926,0
경기_성남,헬스장,84331,2,9.999490036612666,1,89,513.2,37.7834796682411,1,-1,17.34050418129938,1
부산_해운대,한식,174216,5,7.272791379822483,1,594,3698.7,66.21506863455437,1,0,16.059777574947933,1
부산_서면,카페,53541,5,21.569242690718156,2,223,1363.0,92.15708673616493,0,1,16.361545306969756,0
부산_서면,헬스장,33515,8,18.93622686656022,2,251,1185.2,61.36027819952082,2,1,21.177192019516927,0
경기_수원,치킨,45475,10,9.665405247306472,1,209,928.6,66.65438659170376,3,0,22.50622489591554,0
대구_동성로,치킨,191162,2,4.269146030417014,1,466,2972.7,77.9557382337957,1,0,15.675880600695919,0
부산_해운대,치킨,142999,1,19.269296660018902,1,597,3543.0,61.377872334457095,2,-1,16.849930336584375,1
서울_강남,카페,163176,8,13.301213762052868,-1,336,1750.0,89.3298580997068,2,2,19.199977062429838,0
경기_수원,편의점,25965,4,8.028468324215485,2,280,1528.7,73.62079192089044,2,2,18.316390100190812,0
서울_영등포,헬스장,86815,8,14.748008094950226,2,176,629.6,52.58152977700397,1,0,27.952104158191286,1
인천_부평,분식,77589,6,16.868321794757065,1,95,453.7,74.58071971145439,3,-1,20.940864298544124,1
부산_해운대,카페,174533,10,12.397632797983556,3,519,2350.6,65.93496961956316,2,0,22.079251780106055,1
서울_강남,카페,124911,6,28.248014142048387,2,382,2637.8,62.12365838880432,3,1,14.481985819978924,1
부산_서면,분식,76950,4,1.0,2,277,1614.7,34.91350881904009,3,2,17.15476863787175,0
경기_수원,분식,57260,3,14.486654258333779,2,119,658.0,49.2454049899909,1,1,18.085702704598937,1
부산_서면,치킨,59015,3,13.533467827674167,1,113,677.9,61.362408814272285,1,0,16.668161307337428,1
부산_해운대,분식,82683,8,14.620668223712654,3,533,2934.9,69.41580887933941,2,1,18.16046012483092,1
경기_수원,치킨,20997,4,14.493629906105909,0,274,1540.5,54.59464791272222,1,2,17.785890614624485,1
서울_강남,한식,74090,0,6.501122818188351,3,214,1202.1,72.92898737084522,0,1,17.802169610542578,0
대구_동성로,한식,133083,12,8.462127830484853,-1,360,1642.4,53.600469412979514,0,1,21.918839007177045,1
부산_해운대,분식,103357,5,4.051602183865459,0,536,3590.0,100.0,3,1,14.930178443347394,0
인천_부평,한식,61335,2,18.074454810382584,2,291,1824.9,41.23954186188684,3,2,15.946403279907193,0
인천_부평,치킨,28983,10,4.568780882936461,2,245,1009.8,39.02950620863621,1,2,24.26299921157911,1
대구_동성로,분식,174646,2,18.999075640531757,3,553,3163.1,58.85877417137688,1,1,17.482871152808464,1
부산_해운대,카페,107010,0,14.407463221179128,1,573,2072.5,55.848313097139204,1,1,27.64750441527094,1
서울_강남,카페,125309,9,1.0,2,505,3080.2,51.85906913556908,1,2,16.395290411696966,0
서울_송파,헬스장,61832,9,14.806964430439958,2,251,1656.9,66.10001090419458,1,1,15.148625700733984,1
경기_성남,헬스장,20244,6,10.654287076037988,2,100,677.7,68.36855860973293,1,-1,14.755325025168428,1
대구_동성로,분식,88006,9,18.197713801686916,-1,403,2799.7,34.868693281091296,3,0,14.39459814892291,1
부산_서면,헬스장,24176,9,6.034058881170823,0,187,895.2,100.0,0,1,20.88879831862879,0
서울_영등포,편의점,86902,2,10.26205948155594,1,378,1571.4,94.72231899790064,0,1,24.05553018475406,0
경기_성남,한식,47201,6,4.1239224230368645,1,126,720.2,52.62383502955852,1,0,17.495972347344775,0
대구_동성로,한식,87358,4,9.977079346609235,2,223,1339.5,89.83564326848119,1,0,16.648329726413802,0
대구_동성로,편의점,72925,4,19.371445792947434,2,379,1646.5,24.794749988399822,1,2,23.019072370106212,1
부산_해운대,카페,120877,0,8.36390359244499,1,381,2233.9,47.7244138175805,1,0,17.05564057823425,1
대구_동성로,헬스장,91825,12,18.27876038546184,3,494,3385.6,76.17905322717144,0,2,14.591234338003007,0
경기_성남,편의점,23454,6,8.512150606055853,-1,92,530.0,32.63645584149192,0,1,17.358474434947297,1
서울_영등포,카페,97427,5,21.57039135861295,-1,195,1002.8,100.0,3,1,19.445566123672446,0
서울_마포,편의점,82103,5,18.49267886785318,0,430,2223.6,10.0,1,0,19.33784071044515,1
서울_송파,카페,115976,0,19.462693268840198,2,398,1966.3,56.1130265690464,1,-1,20.240976100534134,1
서울_강남,치킨,122799,9,1.0,0,207,1096.3,45.97642696152714,0,2,18.88219214320312,1
부산_서면,헬스장,30223,4,1.0,3,118,550.6,65.05134980763681,0,-1,21.43255443154548,1
대구_동성로,카페,153468,6,7.086446164877042,2,345,1311.0,93.19143591589659,3,1,26.314898380667422,1
서울_마포,편의점,88226,5,2.437148695050488,0,253,1067.2,36.45166989501423,2,0,23.707132046462235,1
경기_수원,한식,21942,3,7.586294085328934,2,128,854.0,70.97655722802111,1,1,14.987471061323701,1
부산_해운대,치킨,194034,9,10.240333719981848,2,556,3484.1,52.75001994235863,1,0,15.958059244216347,1
경기_수원,편의점,42650,3,1.0,-1,213,1017.6,60.94949008752656,1,2,20.932106024686046,1
대구_동성로,한식,71225,0,2.646936598708228,-1,354,1738.2,76.92236938591867,3,-1,20.366127883477443,0
경기_성남,헬스장,26858,9,18.138015677314883,2,160,1087.7,12.078354233391678,1,1,14.709839446260862,1
인천_부평,편의점,79332,3,26.262868891183096,2,265,1261.8,52.578865703992285,1,1,21.001253219865347,1
서울_강남,치킨,119107,4,11.20635204342541,2,276,1819.1,22.758211284627365,2,2,15.17239346063572,1
경기_성남,헬스장,83238,8,16.15309908189905,3,94,406.5,41.07018408023144,3,1,23.121895696795253,0
대구_동성로,카페,94276,6,8.502311995687153,1,247,1277.6,74.56345499094434,1,1,19.332750344199194,1
서울_강남,헬스장,161257,3,13.255572943999315,1,558,3151.1,23.464760120128517,1,1,17.708332297064704,1
대구_동성로,치킨,142717,3,16.594531587696505,1,333,2027.4,59.06873797387869,2,2,16.42504847624529,0
인천_부평,헬스장,89918,7,1.0,1,145,895.8,62.980863958493394,1,1,16.186373627597096,0
경기_성남,치킨,26565,7,20.432366850427663,0,275,1710.8,28.988354075989893,1,1,16.07443182355119,1
경기_수원,한식,20005,2,8.234039831645235,2,248,1417.4,55.66186010518727,0,0,17.496287998801524,0
서울_마포,카페,111458,7,7.129794119227624,3,159,664.5,62.15398898213237,2,1,23.92610982861198,1
인천_부평,편의점,37175,8,1.0,3,231,1300.6,77.07175956552177,1,1,17.760743970441847,0
서울_마포,한식,97941,2,12.402109879381916,2,192,1199.7,44.25927442133402,3,2,16.00458361622113,0
인천_부평,한식,46714,3,8.454898701291434,2,213,989.6,33.34643117949592,2,2,21.524732955941815,1
부산_해운대,치킨,135283,7,7.669634690093249,3,204,1192.6,46.0204611750131,1,0,17.105017699852773,0
인천_부평,헬스장,57830,10,13.953314353271008,-1,234,819.8,62.8813716268883,2,0,28.54224984099149,1
인천_부평,헬스장,35945,6,2.3247793828122756,0,156,777.8,52.172605338566996,0,1,20.055316335797645,1
부산_서면,카페,35174,5,28.229108472719307,3,98,619.4,77.36423236771111,0,2,15.820910991057142,1
서울_강남,헬스장,72203,0,8.631956074340653,1,474,2811.5,44.98559331014374,0,2,16.859565231682772,1
인천_부평,한식,42540,8,13.062444111097683,2,233,1063.3,85.92511418443459,1,2,21.91384600332808,1
부산_해운대,편의점,176941,3,10.365952877118156,2,312,1877.4,66.25240611291659,0,0,16.618914800010458,0
서울_강남,분식,142776,8,9.381386987315228,2,534,2886.1,100.0,2,2,18.502414539775515,0
경기_성남,편의점,80611,6,9.071816285644669,3,282,1426.7,73.89879172861247,0,1,19.766340471223877,0
서울_마포,한식,106332,7,5.750785914128385,-1,261,1790.1,81.86216028932233,1,2,14.58043899562702,0
서울_영등포,카페,62995,5,15.884246989483682,3,350,2285.2,43.49416078338271,1,1,15.316274362128501,1
부산_해운대,한식,79675,4,1.0,-1,226,941.6,75.76234866907573,3,1,24.00187340163413,0
서울_영등포,카페,93013,3,1.3600716111053917,1,421,1756.4,45.206248719767174,1,1,23.969481141124025,1
경기_성남,한식,73790,3,15.867038301411693,-1,240,1409.4,54.85049937759561,1,0,17.02840633527009,1
서울_송파,한식,41766,12,19.538309349676133,2,411,2151.4,71.16538688736577,0,1,19.10422243403502,1
대구_동성로,헬스장,70704,3,13.83114649571051,1,532,3654.8,55.4812911228843,0,1,14.556002259466103,0
서울_송파,편의점,74404,6,1.0,3,186,1220.2,56.314219963345764,1,0,15.243814227585089,0
서울_영등포,치킨,66485,5,28.768410858270997,2,213,1047.5,52.36200014347575,1,1,20.33325450973598,1
대구_동성로,카페,87077,8,15.466836230782214,0,354,1758.8,26.198694776137053,1,0,20.127249479499085,1
서울_송파,카페,64241,5,12.304581068372194,2,316,1528.9,66.2503975955444,3,1,20.668518721100835,1
인천_부평,분식,57869,8,16.4941968037019,1,169,1012.7,96.99782771394086,1,-1,16.687767800664208,1
부산_해운대,카페,182666,3,7.1941969490193785,2,548,3006.4,91.6917052954139,3,1,18.227550867525636,1
부산_해운대,헬스장,121952,4,1.0,0,567,3569.5,76.28933465497013,0,2,15.88459953251917,1
부산_해운대,분식,177252,3,9.831096226815186,2,511,2451.5,70.21201380820627,1,1,20.844244862860936,1
부산_해운대,헬스장,175519,11,18.739276275959313,1,261,1518.4,62.862004152861985,1,2,17.18906941577886,1
인천_부평,헬스장,51949,3,15.450391552495102,1,104,549.3,37.554900424141955,3,1,18.933971726148506,1
부산_서면,카페,58526,1,19.649431555069107,3,112,688.6,28.219042287733274,1,2,16.265625973597714,1
서울_송파,카페,103140,9,13.34698402889066,1,162,865.6,48.45542548578858,1,1,18.715208699550715,1
부산_해운대,카페,177668,8,3.3137428119032206,1,448,2704.2,79.50424838208811,0,0,16.566900302776002,0
경기_수원,카페,80263,3,21.417805682189083,1,292,1834.8,45.339941617752686,2,1,15.914685428287994,1
인천_부평,치킨,27903,5,13.840899299024684,2,197,1245.5,55.820568975013416,1,1,15.817170008148246,1
대구_동성로,편의점,198714,2,1.0,3,497,3240.3,72.73868458828446,1,1,15.337988113476825,0
부산_서면,편의점,40096,3,1.0,1,185,1142.0,54.60520550849815,2,-1,16.20019654984587,0
부산_해운대,치킨,102286,3,6.405785870506795,1,211,1312.0,42.768132082265076,1,1,16.082165362901197,1
경기_수원,헬스장,68566,2,12.816497784248696,2,282,1699.6,42.94361207855472,1,0,16.591798934407763,0
인천_부평,헬스장,27704,7,2.5919170248711296,0,275,1895.4,49.4767339406634,1,-1,14.508856084968377,0
서울_마포,헬스장,79309,8,11.26877763841535,2,414,2137.6,58.12192862573906,3,0,19.36722307526798,1
서울_영등포,치킨,74094,9,9.586889007224961,3,419,1619.7,97.02680238982157,1,0,25.868834220803738,1
경기_성남,한식,65134,7,10.905573697075686,1,98,380.1,42.651080066388076,3,-1,25.78309181114571,1
부산_서면,치킨,87641,6,18.81426925059243,1,97,648.5,96.10178700915782,1,1,14.95712699229328,0
경기_성남,헬스장,29859,5,4.917598923539533,2,97,513.9,53.653016652069454,1,2,18.875815504655694,1
서울_마포,헬스장,99314,6,29.5320413508373,1,395,2066.3,27.182298765642344,0,2,19.11620780867222,1
대구_동성로,치킨,122182,9,21.291250162247096,1,379,1955.0,82.92732150593662,1,-1,19.386120946038233,1
부산_서면,카페,58398,5,14.689307949771313,0,289,1093.9,100.0,2,1,26.418579155503284,0
서울_마포,한식,43055,7,6.740080157386478,1,297,1639.4,35.39939848155961,2,1,18.116693447691244,1
경기_수원,헬스장,82683,4,8.991888268211431,1,185,857.1,59.888394044664054,3,2,21.5833949099854,0
서울_마포,편의점,77282,7,5.687501492645734,1,271,1025.2,92.34089849043366,1,2,26.43429996553656,1
서울_송파,분식,98817,3,8.668665504788986,0,276,1847.8,73.38028343714963,0,2,14.936662567804875,1
서울_강남,헬스장,182554,4,15.085542450795966,2,295,1293.5,67.30675468053867,1,1,22.805895068082908,1
부산_서면,한식,83130,10,12.69476491233344,2,265,1497.6,75.9713334622118,2,1,17.695200595680955,0
부산_서면,편의점,43634,9,27.317711462917014,0,118,657.2,53.43118525342372,3,1,17.955416151848283,1
서울_송파,치킨,87801,5,4.724831581474328,3,327,1741.7,13.149530005166746,1,2,18.774472687107394,1
부산_해운대,치킨,128582,5,16.340023203481557,1,331,1814.8,57.923750311940665,2,-1,18.23941120887197,1
부산_해운대,편의점,73692,2,15.938087255134075,3,481,2707.9,72.96505312651738,1,2,17.762727157281386,0
인천_부평,한식,59423,0,7.245293290111779,1,142,881.1,70.04680030018584,2,1,16.117062724096083,0
인천_부평,치킨,29597,4,1.0,1,243,942.5,50.289963130289834,1,0,25.7829798121966,1
경기_수원,치킨,40977,5,6.503427062103446,1,232,1260.3,66.12745087932693,3,1,18.4090416000296,0
서울_마포,한식,75592,5,11.44997605744998,3,348,1619.4,55.214537056962975,1,1,21.489675167872633,1
서울_영등포,분식,67617,12,5.143369074687242,3,168,1055.2,58.01371324415936,1,1,15.921201438510163,0
부산_서면,분식,82014,5,14.333582185716072,2,147,700.8,52.48982038721001,2,0,20.974801150655125,1
서울_송파,한식,106912,5,6.813797512323653,2,438,2876.8,61.04914773778888,2,1,15.2250603260779,0
서울_송파,분식,90235,8,12.082810145090843,2,170,1131.8,76.34357118932421,1,1,15.020390420499632,0
서울_송파,치킨,103165,2,11.576796773885198,1,155,1030.7,73.58587639964699,0,1,15.037726341658397,0
서울_송파,헬스장,108894,3,10.442625025591708,1,254,1258.5,54.48320080207087,2,1,20.182394331090507,0
서울_마포,분식,110640,3,1.9240557345874514,2,313,1930.1,68.00339210400995,0,0,16.217132109847814,0
인천_부평,카페,88617,0,24.949811865893608,3,121,695.4,83.2335646264646,0,2,17.399014338176354,0
경기_수원,헬스장,55847,2,16.642637559649675,2,231,1299.8,51.97016636785023,2,0,17.772461787715947,1
서울_영등포,분식,57610,4,14.945538244830768,1,410,1994.1,59.61755640292585,2,2,20.560516437184475,0
경기_성남,편의점,28631,4,15.844066542271635,0,296,1090.4,74.36738615788164,1,1,27.146452018406293,1
부산_해운대,헬스장,129547,5,3.487038685966146,2,399,1411.0,39.05176365414302,2,1,28.27835950508422,1
서울_강남,분식,141610,6,1.0,1,500,3283.4,24.63686176493536,1,2,15.228321804916597,1
서울_송파,한식,77850,5,8.987878981097618,1,354,1686.4,90.83944695677268,3,1,20.9914305452892,0
경기_수원,카페,55575,7,9.101212138576738,-1,118,568.6,53.95461215834947,1,1,20.751518467711275,1
부산_해운대,헬스장,154814,7,12.166723512129668,1,235,1589.6,74.03420115954185,1,0,14.783306314677311,1
부산_해운대,편의점,122268,8,1.0,2,452,2786.5,42.40712648897519,3,-1,16.221326907357334,0
인천_부평,치킨,81331,3,10.892000008999883,1,161,1073.3,49.76697953431858,1,0,15.000833554848805,0
대구_동성로,카페,72928,2,14.499988457740633,1,334,1400.1,39.91324347412187,0,-1,23.85582524528437,1
부산_서면,한식,74462,6,1.0,3,253,1722.2,75.87516286198266,2,1,14.690923351408033,0
경기_수원,편의점,41584,10,22.89270926570625,1,183,670.4,57.0930115537223,1,0,27.296730807328967,1
경기_성남,편의점,59023,7,8.44376354285604,1,236,1208.5,71.7615845825832,1,1,19.52776734921727,0
인천_부평,치킨,61291,8,14.47987995499339,1,229,894.0,83.68869479411799,1,2,25.614777308702063,1
서울_영등포,편의점,83098,5,13.73586673604335,2,364,1820.4,89.85905245507655,2,1,19.996039726050864,1
경기_성남,카페,58349,4,7.102277161364956,1,255,1408.2,57.85740730318136,0,0,18.108820747555043,1
서울_송파,분식,55115,3,7.857265513530905,1,265,1280.5,79.35660787011074,0,2,20.695127897042603,1
서울_영등포,카페,44861,1,16.56200232377839,3,308,1557.8,41.885405745790706,2,0,19.771095704740738,1
부산_서면,카페,28486,6,18.378207347415934,0,199,1286.8,54.60705295516987,2,1,15.464294318248244,0
대구_동성로,한식,108921,4,11.81860847416405,2,523,2893.1,27.838012824223547,1,2,18.07724144403391,1
서울_영등포,헬스장,61159,8,1.0,2,338,2341.7,57.769327676129855,1,2,14.434243567604508,0
서울_마포,한식,54372,7,1.0,1,213,1076.4,85.56561894918973,3,1,19.78744937992792,1
서울_마포,분식,72294,5,23.40886660739956,1,250,1076.7,42.09096021983906,1,1,23.21840924874825,1
부산_해운대,한식,122927,1,4.827165676948337,3,288,1696.8,75.95439592521875,2,1,16.97309615978774,0
대구_동성로,한식,172092,2,12.889749609132018,2,497,2286.5,36.15272883463288,2,1,21.73597292780645,1
경기_수원,편의점,54142,0,2.619864701771447,1,211,1300.6,74.2059715724207,1,1,16.22352892444025,0
인천_부평,카페,22379,5,9.082220629236621,1,109,762.7,48.44931471961574,1,2,14.29046498766581,0
서울_영등포,헬스장,91925,8,1.0,2,181,635.7,56.148317910936136,1,0,28.470738283566604,1
부산_해운대,한식,86668,7,8.978171973846191,2,574,3028.0,73.14772875799208,2,2,18.956154902532326,1
부산_서면,편의점,55319,4,18.255888291618714,1,94,445.1,73.3508662261163,2,1,21.119527507559027,1
부산_해운대,치킨,199209,12,1.0,1,211,1436.4,31.555309969862527,1,2,14.689298703092435,1
부산_해운대,카페,130972,8,21.23927968269314,2,443,2885.4,57.30760290454495,2,1,15.353302468256134,1
인천_부평,헬스장,84771,6,3.3795984774870567,2,122,544.9,59.7851490669841,1,-1,22.39008328258382,1
서울_송파,헬스장,70498,7,11.625361532496292,2,399,2529.1,54.09887620388716,3,2,15.776414352383982,0
서울_영등포,헬스장,44158,4,26.68134640926211,3,441,2038.8,100.0,1,2,21.630578333729684,0
서울_마포,치킨,100558,4,8.954867328745935,2,332,2197.6,71.26562269534054,0,-1,15.107065424156566,0
인천_부평,분식,83165,6,1.427044274777641,3,296,1354.1,48.05611497429536,1,1,21.860309544229068,1
서울_강남,카페,101139,0,8.624409599016817,1,351,2369.7,65.08813757493304,3,1,14.811932359006747,0
대구_동성로,헬스장,156491,7,10.133467738463262,3,244,1611.1,86.48658868922993,0,1,15.1445094306141,0
대구_동성로,한식,168417,3,1.0,1,578,3947.2,51.86121657372831,0,0,14.643407096580624,1
대구_동성로,한식,150107,10,14.358389278686248,1,358,1972.6,73.0445640023339,2,1,18.148997103510705,1
서울_강남,분식,93528,6,8.679836195967582,-1,418,1784.6,78.77914356469702,1,0,23.423029918940095,1
인천_부평,카페,28724,1,12.265546090420361,0,104,526.7,50.35381946204215,2,0,19.746435011084028,1
부산_서면,치킨,78326,1,27.29872931437862,3,182,991.8,34.773404031748356,1,1,18.35082442174154,1
서울_강남,치킨,86673,9,10.18246927003539,2,555,2688.3,53.160546822274455,1,1,20.64500239304176,1
경기_수원,분식,52548,7,5.349839069597994,2,275,1020.2,69.91615396318942,1,0,26.956043249906497,1
부산_해운대,한식,96558,4,14.057854248255984,2,380,1695.0,65.70519224017804,3,2,22.418598304139394,0
서울_송파,카페,112613,7,14.26959871053997,-1,406,2031.1,69.81464415120729,3,2,19.989524889313763,1
경기_성남,치킨,79331,10,12.418205880217135,1,188,1093.7,78.26126312866799,2,2,17.189202543655917,0
경기_수원,치킨,65959,4,2.376749571259217,1,217,991.3,49.43789037154987,2,2,21.889560721711593,1
대구_동성로,분식,173152,6,18.38425019302877,2,344,1745.3,77.51600520200415,2,-1,19.71005291366205,1
서울_영등포,카페,89104,1,1.0,3,369,2576.3,66.80178822927807,0,-1,14.322860414341962,1
부산_해운대,헬스장,152174,4,6.599465825140642,1,371,2038.3,47.331127304582395,1,2,18.201786494304013,1
서울_영등포,헬스장,86627,7,13.6563704133053,1,261,1223.8,58.84897059523681,2,2,21.326504741538667,0
부산_해운대,헬스장,190473,4,19.777321241789437,0,526,2158.9,68.89936630752352,0,1,24.364685324704507,1
대구_동성로,편의점,140739,4,16.763199141633585,3,214,964.7,67.61511691495865,0,1,22.183858351844755,1
경기_성남,헬스장,69527,10,7.234672034813028,0,168,600.3,66.1809367004807,2,1,27.98801175466189,0
서울_송파,카페,60455,4,6.782112998992295,3,430,1918.8,39.3261588992194,2,2,22.409502003107903,0
서울_강남,헬스장,130521,5,1.0,1,489,1821.6,82.38000465080209,2,0,26.844679532833982,1
서울_영등포,한식,92714,11,5.169014137157737,2,412,2566.7,10.0,0,2,16.051705217720126,1
경기_수원,헬스장,84057,3,12.36478141152392,1,97,372.9,67.15855399969765,3,0,26.01097221905221,0
서울_강남,헬스장,193319,1,8.548787327942287,2,374,2049.3,36.04084075318676,2,1,18.24992311386723,1
인천_부평,헬스장,44395,4,5.824915789274657,2,111,532.3,44.40341440936014,1,-1,20.854173925275923,1
부산_서면,분식,26613,4,16.41851863842975,0,289,1724.6,51.4430383543943,1,0,16.75772768880292,1
경기_수원,한식,70526,5,8.123141036875065,2,187,716.7,51.14665078713526,1,1,26.09294707153306,1
서울_강남,한식,197937,7,17.432275238907533,0,397,1533.0,21.864063037957806,1,2,25.896490291750318,1
대구_동성로,한식,129395,10,7.328582332107521,3,430,1982.0,74.80251328210488,2,-1,21.695228205744108,1
인천_부평,편의점,42695,10,10.904627024189537,0,200,1349.3,49.35139650285055,3,0,14.821952475829903,1
부산_해운대,편의점,123420,7,8.872876970363063,2,329,2135.9,46.148376452190675,3,1,15.40307690841995,1
서울_마포,편의점,56066,0,10.221353817371734,2,263,1421.2,62.412695217869086,1,2,18.506085384204923,0
서울_마포,치킨,47711,9,8.865565285742232,2,188,720.9,83.90354823022832,1,2,26.079857856159013,0
경기_수원,치킨,43398,8,15.80062085062412,1,269,1704.9,39.46612483851433,1,2,15.778166844483984,1
서울_마포,편의점,109192,5,9.15285278293305,1,264,1827.0,74.54342519067899,3,1,14.450145635807571,0
경기_성남,편의점,86786,5,11.736284500270633,1,230,824.3,69.01945621503415,2,-1,27.902837925827733,1
서울_마포,편의점,58940,10,17.207230529937853,2,241,1306.8,99.64940900337855,1,0,18.44208818755225,1
부산_해운대,편의점,174273,6,8.9363421356961,2,396,2299.9,29.486751814263158,3,2,17.217936852814137,1
서울_마포,한식,61053,4,13.30895119008542,3,278,1725.4,58.74037668424322,3,2,16.112226739532005,0
서울_마포,분식,94391,7,14.28134000778897,2,221,1043.4,100.0,3,1,21.17978935557246,0
경기_수원,편의점,46292,2,25.961821612092493,1,231,1030.2,45.32445434385242,0,0,22.423492997439283,1
인천_부평,분식,84320,6,3.8540073553342022,1,146,906.8,55.37598749472189,1,2,16.100658363464845,0
대구_동성로,헬스장,131040,1,2.0550667256721615,2,431,2407.8,59.21237404209703,1,-1,17.900349134623113,1
서울_마포,헬스장,96561,10,1.0,1,159,685.1,82.98974728020737,3,2,23.206618130482106,0
경기_성남,치킨,20037,1,8.867999786735766,2,182,945.8,61.26807021720985,0,0,19.24289517699912,0
서울_송파,분식,62820,9,13.331761035247565,0,198,1320.9,48.03211090219472,0,2,14.989377485209918,1
부산_서면,분식,53700,3,1.0,2,207,1431.2,60.20821019883396,3,2,14.463336424215223,0
서울_송파,한식,87728,8,1.0,1,180,1173.0,38.28809688054099,0,1,15.344944405483385,1
경기_성남,헬스장,62949,5,7.969463755602119,1,161,825.9,45.85069561913047,1,0,19.494448775837572,1
대구_동성로,한식,85324,5,7.950694568592817,1,314,2163.5,66.29943743110664,1,2,14.513475598264018,1
서울_영등포,헬스장,90511,6,4.070502256398941,2,430,1518.7,60.4345116350841,2,1,28.31349422790333,1
경기_수원,분식,35583,1,16.005640197370404,2,112,601.1,89.03411761553647,0,2,18.63141088987838,0
서울_강남,치킨,181505,4,3.5255192899650822,3,502,1893.5,65.37551578297283,3,2,26.512164753905626,1
부산_서면,헬스장,22118,7,11.031257506696063,2,231,983.1,76.81768559461031,3,0,23.496525115641536,1
경기_성남,카페,64653,9,8.410344754919722,2,178,1177.0,78.38941949054025,1,2,15.123254185854524,0
서울_마포,편의점,93079,2,2.287840559944204,1,301,1547.1,43.84080432880915,2,-1,19.455695182369066,0
부산_해운대,헬스장,167069,0,5.279997697469898,-1,229,1121.6,15.658952165730788,1,2,20.416981242201036,1
부산_서면,분식,35873,2,12.70061942587289,2,101,630.5,69.09005144171256,3,2,16.01804154136408,0
부산_해운대,편의점,135883,2,10.015285135859251,2,200,805.1,32.4982953366583,2,1,24.841401595264475,1
서울_강남,편의점,158177,5,11.480934421952686,1,359,2456.5,10.277006430595279,1,2,14.614330198128991,1
인천_부평,헬스장,70302,5,2.4704466149757875,2,88,417.5,66.7316609091807,1,2,21.078933106038424,1
서울_송파,분식,58883,7,15.424866223053304,2,339,1204.0,52.728242463631425,1,1,28.156850154596576,1
서울_강남,카페,119691,6,12.799975870605245,2,555,3634.9,63.317180535973456,2,1,15.268445588627289,0
서울_강남,분식,84718,8,4.134464923411988,1,469,2316.5,54.63257412082063,3,0,20.245801157191636,1
서울_마포,카페,114385,7,22.834056867660436,3,274,1597.4,68.48528370312091,1,1,17.153076229747025,1
서울_강남,치킨,115693,2,13.719621010503362,0,466,2323.1,32.37044672437955,3,1,20.059080972480732,1
인천_부평,한식,50486,1,6.879737694488872,-1,92,485.5,53.692916439386494,3,1,18.9483041940637,1
서울_마포,한식,102286,4,16.371761770730025,0,257,1103.1,10.286723968578599,1,0,23.298303888006508,1
부산_서면,헬스장,54421,2,4.573966488842424,0,278,1509.4,45.987472595228475,2,2,18.417369900370733,0
서울_마포,카페,71016,1,4.537980259040591,0,272,1742.3,51.99750830562513,0,2,15.61161753126297,1
부산_해운대,치킨,146514,7,14.807418493523485,2,225,950.6,47.163571921113174,1,0,23.669776955473232,1
서울_마포,카페,105875,10,11.727113157608523,2,302,1909.7,35.950326028374135,3,1,15.814022820187216,0
서울_송파,치킨,49495,10,3.5110322458499468,1,307,2137.0,39.034368695030565,2,-1,14.365892972112585,0
부산_해운대,한식,197968,7,16.957494535562446,1,516,1835.2,56.42799341132891,0,1,28.116792964200965,1
서울_영등포,분식,92776,6,9.018070901147002,0,322,1780.9,53.28968335933868,2,2,18.081164303898227,1
서울_영등포,분식,80118,10,19.84135286148193,1,282,1396.7,47.361160033798285,1,-1,20.189760475576005,1
대구_동성로,분식,99810,8,17.701926261016677,1,582,3428.2,91.59733911211015,2,2,16.97684648240545,0
서울_마포,헬스장,98176,8,12.040096597551884,1,305,2028.9,67.40601267688857,1,1,15.032714428347987,1
대구_동성로,편의점,174236,3,1.0,0,468,2951.5,76.65009562747537,3,2,15.856099245126742,0
서울_송파,편의점,43975,7,12.500132153008352,2,163,791.7,44.83004692853706,0,1,20.589647765942576,1
부산_해운대,한식,158096,5,1.0,1,314,2000.9,19.130129950297572,1,1,15.69276370291577,0
경기_성남,한식,84538,8,17.19615243121693,3,122,649.9,65.76643638364811,3,2,18.772003268697027,0
대구_동성로,한식,109095,9,3.934170400512502,-1,426,2205.2,56.54835464943111,1,-1,19.3177620891471,1
인천_부평,편의점,61043,3,14.909729256666495,2,122,773.2,90.30636188647604,1,1,15.779515463232311,0
서울_강남,분식,199022,4,6.87943280321228,2,476,3193.8,49.925553263410926,1,0,14.903885811670383,1
서울_강남,한식,73934,8,3.889674272714516,-1,345,1858.6,46.667528880639054,2,1,18.562150414771967,1
경기_성남,한식,87525,8,9.297554201016485,1,268,1142.9,62.134271056583515,2,1,23.44951265229114,1
서울_영등포,헬스장,98914,4,5.9274278648976235,0,347,1749.3,53.78416177889217,1,2,19.836321671258517,1
서울_송파,헬스장,79913,7,22.654321545414973,0,379,1659.0,71.0672890404318,0,1,22.845154085041763,1
서울_송파,카페,63055,7,5.744477565045359,2,224,1157.4,62.62217126169671,1,1,19.35306048037487,0
인천_부평,헬스장,82002,4,16.071473652432143,0,108,589.8,79.9575563158851,0,2,18.31184806931383,0
대구_동성로,편의점,194532,5,7.222124108958934,1,394,1679.7,82.72222160727326,2,2,23.456180260723627,0
서울_송파,치킨,63636,0,15.597226497114542,2,346,1801.9,83.83911935285946,1,2,19.20190108381841,0
부산_서면,헬스장,57760,8,13.214429271196705,1,158,1036.6,46.86329062611139,1,1,15.241537982727829,1
경기_수원,한식,67027,2,3.8718854993537777,2,167,927.4,50.13314099851488,2,2,18.008079822948066,1
서울_마포,치킨,103721,5,21.19386268585714,2,307,2038.6,51.99760677397738,1,2,15.059131141101641,1
서울_송파,치킨,77499,4,3.9924877775986127,2,439,3004.5,49.0747198164507,1,2,14.611446048892903,0
부산_해운대,한식,143602,3,10.624387376288,2,513,1890.3,68.89183990146257,1,1,27.13787972300744,1
경기_성남,분식,20615,7,1.0,0,124,435.1,74.97642362361556,0,2,28.49939493056232,0
서울_강남,헬스장,152298,6,1.9518098124247505,0,593,3344.1,42.890346081488374,1,0,17.7328540456625,1
서울_영등포,편의점,119003,5,1.2037775702692173,1,355,2303.6,51.87977293239227,1,1,15.41068817733701,1
부산_서면,카페,61716,5,1.5487973399479937,1,208,1086.1,71.86204191885388,0,1,19.150823861949824,1
경기_성남,편의점,89110,9,11.981915756236676,1,225,1103.1,57.95887218742304,1,2,20.39797475020386,1
경기_수원,편의점,73494,7,12.494888084740632,1,234,880.7,58.44154528642968,2,1,26.56930160603191,1
서울_마포,한식,85153,7,8.9092771135915,0,366,2243.1,54.24124610078686,0,-1,16.31646853604296,1
서울_마포,한식,48933,3,8.139201440471053,1,261,1711.9,53.30792290939409,0,2,15.246242735783436,0
경기_수원,카페,25943,7,22.455471880326847,1,200,1102.0,77.21658680629837,1,1,18.149478615360547,1
인천_부평,편의점,60154,7,1.0,3,139,817.9,86.89363902146219,3,0,16.994101348081614,0
서울_송파,한식,52122,8,16.986316551451843,2,173,940.5,63.401163830878325,0,0,18.393619528549234,1
경기_수원,헬스장,74699,8,10.488729156100629,2,249,1566.2,39.29203908324284,0,2,15.898835523939987,1
부산_서면,편의점,73452,7,12.437807550598933,1,149,740.9,81.00916560613918,2,2,20.109958327270334,0
서울_영등포,헬스장,88974,7,2.4639284208995065,0,261,1451.9,68.80839531165527,3,2,17.976451011937115,1
경기_수원,분식,88319,6,12.871353590330145,0,213,964.1,39.02663938239232,3,0,22.092459460898667,1
부산_서면,헬스장,72494,8,8.082946446150697,0,245,1123.9,64.6459997654874,2,0,21.79912650876503,0
서울_강남,치킨,108930,10,28.77466369554783,2,351,2198.6,46.79080252874983,2,0,15.96464885291593,1
경기_성남,편의점,39928,6,1.0130227919895276,2,255,1552.4,80.03662422523063,1,1,16.425856228658468,0
인천_부평,치킨,83594,7,13.782688334415653,-1,182,662.5,98.72554225289127,1,0,27.472008654689052,1
인천_부평,분식,43461,6,8.100924057966516,1,216,1091.8,81.72960245780763,1,1,19.784332151529593,0
부산_서면,분식,30686,7,11.671165477039496,3,208,1105.3,34.52325349731591,3,1,18.817851633926164,0
경기_성남,헬스장,29241,1,14.289003118375966,-1,162,1032.4,77.36458506999149,1,0,15.691230313701565,0
인천_부평,분식,89902,4,8.488487414551951,1,158,701.6,44.961126766699046,1,2,22.519406787539626,0
서울_마포,한식,43870,8,2.3294567065316283,1,183,868.8,67.3311509062358,3,0,21.064695766479826,0
서울_송파,치킨,116380,5,11.98054941617068,0,369,2266.8,66.62136951529877,1,2,16.278279241550223,1
서울_영등포,치킨,51969,7,5.286100323080893,2,233,1333.3,75.62350672575198,3,0,17.475398075110572,0
인천_부평,편의점,24333,5,22.298707213925187,2,103,431.3,56.81597210041882,2,1,23.880530396060752,1
부산_해운대,치킨,131794,6,16.181692306967367,1,265,1085.9,54.242927108382084,3,2,24.404391129321592,1
부산_서면,헬스장,77505,8,16.282718957773177,2,209,990.0,39.78662497493555,2,0,21.111329482122954,1
서울_강남,헬스장,137782,6,10.30654153504176,2,567,3405.1,44.184665734899,0,-1,16.651472047605743,1
인천_부평,헬스장,23569,8,8.797326753381283,3,298,1189.3,57.067364519127956,1,1,25.056783387424534,1
인천_부평,카페,70420,5,6.098393700415963,0,271,1481.2,66.37012797202749,1,1,18.29587176397893,0
부산_서면,헬스장,43684,11,1.0,1,242,926.0,46.513083468074015,0,0,26.13525852051113,1
경기_수원,분식,21333,0,1.0,3,165,826.4,40.27971714600554,1,2,19.965203226216993,1
서울_영등포,치킨,113410,1,17.289844068633876,0,442,2021.0,23.428073673121162,1,0,21.870157229457522,1
경기_성남,헬스장,84874,7,6.993459086842551,2,134,505.9,30.562818645647567,1,2,26.486689891386604,1
경기_수원,치킨,69289,5,13.68831980078361,1,217,995.9,26.699935298383245,3,1,21.790201182570573,1
대구_동성로,편의점,70169,9,16.608295037043593,2,489,2286.7,65.90225534154285,1,2,21.38454512366582,1
서울_마포,헬스장,76366,2,1.0,0,369,1663.2,52.712901802269414,1,1,22.18589333060836,1
인천_부평,한식,49485,11,3.5201328303890156,3,109,434.0,82.37553630506594,3,1,25.114670489161377,1
경기_성남,편의점,33300,5,3.7575691828249598,2,284,1791.3,17.87432365932868,2,-1,15.85412851411607,1
서울_강남,헬스장,132881,4,11.235022920368788,2,441,2950.5,81.68767262521612,1,1,14.946502124584441,0
경기_성남,헬스장,69264,4,4.561913614924739,2,268,1104.2,42.648360679271754,1,-1,24.270794042944374,1
경기_수원,분식,23389,5,9.45098845800745,1,169,1116.5,96.62294150509263,1,1,15.136467055016887,0
서울_영등포,치킨,74082,8,15.18342720287373,2,216,1103.2,35.13463582721422,2,1,19.578610475783346,1
서울_강남,분식,95052,5,13.490976368948667,1,321,1555.3,24.213188420168315,1,1,20.63961908563959,1
서울_마포,분식,75674,7,12.716516136504978,1,208,1303.9,43.7725779395441,1,0,15.952513656052828,1
서울_마포,치킨,77443,2,12.758651735197537,2,277,1757.1,83.49990724503162,1,-1,15.764394952647232,0
부산_서면,치킨,77320,5,13.234530711986983,3,224,1047.2,50.535075554452106,1,1,21.39069691659188,1
서울_강남,편의점,152060,7,14.913595811602825,2,507,3076.4,35.530839349868714,1,2,16.480140026635784,1
대구_동성로,치킨,187136,0,19.756117277256358,1,249,1115.2,44.38436629205806,2,1,22.327334726829008,1
대구_동성로,치킨,186526,5,10.930010778670738,2,536,2104.0,43.864590959949616,3,2,25.474797990093972,1
경기_수원,치킨,89434,5,4.361769364849563,2,147,588.0,89.80250721207094,1,1,25.00103291617897,0
부산_서면,카페,38055,1,7.502699824659514,1,228,1190.3,79.90914541914333,1,2,19.154286072954847,1
대구_동성로,헬스장,77101,3,14.555758566931525,2,231,1176.9,86.74266190399162,2,1,19.628480913273133,1
부산_해운대,편의점,86543,9,8.001208622849434,-1,532,2070.9,85.9974248706121,2,1,25.689078817189575,1
서울_영등포,카페,79585,3,1.0,3,241,1171.4,98.67226152345063,1,1,20.573268860117377,0
서울_영등포,치킨,104005,3,11.351228401827132,1,216,967.3,59.68932303929162,3,1,22.331282767868814,1
대구_동성로,분식,195446,1,9.374379050381616,2,592,3760.4,51.28995954297649,3,2,15.742987412205819,0
대구_동성로,편의점,117427,10,11.716650935259654,1,359,2001.2,73.55274203849777,2,2,17.939455268310322,1
서울_마포,편의점,66408,5,11.158963350400727,2,175,687.4,68.57046591494185,3,-1,25.458991958310634,1
대구_동성로,한식,165320,6,8.189014408335112,1,291,1406.9,64.41789736014807,3,2,20.683423218326528,1
서울_강남,편의점,161181,7,13.648510538321073,2,585,2490.7,18.313367573143992,2,1,23.487682211399743,1
서울_송파,한식,82139,5,6.117847316972138,2,351,1911.7,31.376233335284958,1,1,18.360737239422622,0
인천_부평,편의점,37970,0,19.062934367285358,2,154,592.7,85.56058383964256,3,1,25.982037302582402,0
서울_마포,한식,119697,4,1.0,3,227,1493.0,14.174143862318694,1,0,15.204160219205848,1
서울_송파,분식,65575,2,13.607920392478693,2,398,1736.9,66.51865345606898,1,2,22.91490849454142,1
서울_송파,편의점,97300,11,9.489213976831053,0,417,2079.3,22.108376990553943,2,1,20.05457965782754,1
부산_서면,헬스장,33079,5,8.984764159301044,0,119,691.8,57.56622628625461,2,2,17.20106149372385,0
인천_부평,편의점,25849,6,23.78791875335784,1,172,990.3,100.0,2,2,17.367620773532487,0
서울_마포,카페,55437,8,14.75117687254418,1,177,964.5,27.936415282575837,2,1,18.350915309449494,1
부산_해운대,카페,109605,14,19.520836002379816,1,308,1155.9,76.94896421362624,3,2,26.645637253698627,1
서울_마포,한식,99949,8,6.13219530159653,3,335,1737.4,63.043995626321596,2,-1,19.281291130446782,1
경기_수원,치킨,26678,6,10.307303731863719,1,201,1262.3,48.49627100712967,2,0,15.922975719828573,1
경기_성남,헬스장,47312,5,6.781810234558726,3,84,503.3,53.21823410946346,2,1,16.689856948781205,0
서울_마포,헬스장,52872,5,14.625930195596144,1,253,1087.5,39.06173807312429,3,2,23.264952065810746,1
서울_강남,분식,133023,3,6.375363142689187,1,500,2345.4,70.21806758173165,1,2,21.318378199602957,0
인천_부평,분식,87957,5,2.651587892175522,0,275,1594.7,65.05785492320038,2,2,17.244868942379803,0
경기_성남,한식,33527,10,3.398934172140665,1,107,446.7,43.24313407954888,1,1,23.954160590444246,1
인천_부평,분식,89428,1,4.238236950191405,3,224,1166.9,73.04569991296057,3,0,19.196653930519908,0
서울_마포,분식,55376,0,19.779073884905657,2,349,2437.5,66.61056345810832,0,1,14.317784488849217,1
부산_해운대,카페,195424,6,7.581200810077565,2,288,1260.8,74.13540774123791,2,2,22.84244817316199,0
서울_마포,한식,80309,1,10.442683601246346,3,291,1027.5,66.36925676299255,0,1,28.319840662519084,1
경기_수원,편의점,89285,7,8.231967544701101,1,121,603.1,50.90782916730137,2,0,20.062013159575212,1
서울_마포,헬스장,95304,8,10.413963593012683,0,178,739.7,46.07929845340222,3,-1,24.063816329427105,1
부산_해운대,한식,195608,3,22.96721923149378,0,280,1080.8,44.332127570854276,0,2,25.907603029671243,1
서울_마포,편의점,41094,8,7.150888757352602,1,346,1388.3,97.01562284871467,0,1,24.92326261193378,0
경기_수원,편의점,85064,3,3.6299307808156716,1,176,930.7,71.61648189292563,3,2,18.911395385280418,0
부산_서면,분식,74020,8,14.991542916754003,1,137,793.3,23.39326997866982,1,0,17.26933889139348,1
인천_부평,편의점,83103,5,14.481194976178518,1,247,1430.4,54.470974926803265,3,1,17.268035200203958,1
인천_부평,한식,47725,4,14.271645039857974,1,93,628.5,69.49484209679783,1,1,14.795963470714838,0
인천_부평,치킨,70734,6,3.5012948212510544,2,251,1495.1,84.68839253862407,1,1,16.787852136674957,1
서울_강남,헬스장,143306,0,16.6095038817627,1,372,2274.0,63.90324094283636,2,2,16.358624609051024,0
경기_성남,편의점,69294,2,22.71766141505387,3,193,1172.0,60.50108944079321,1,1,16.467715979586135,1
서울_마포,편의점,65407,5,13.154663315762917,2,238,1035.7,55.37534857618785,3,1,22.98026419389502,1
서울_마포,헬스장,100044,5,12.344202973848839,0,437,2830.7,49.68329362831671,0,2,15.43810897599552,1
대구_동성로,편의점,85828,6,1.0,1,496,2738.4,86.15928385098687,3,-1,18.11299723966329,0
서울_강남,치킨,178227,1,10.696903183199767,1,598,3694.9,63.29115781257293,1,1,16.184550542801798,1
인천_부평,편의점,48887,6,3.8531480747618314,3,292,1409.4,40.30107749765935,0,0,20.71764457877133,1
서울_송파,분식,69605,5,5.76399193925332,-1,249,1353.6,46.30282681019987,3,1,18.395398041410253,1
서울_마포,치킨,87565,3,20.110403883859618,1,276,1914.2,26.55190948375295,2,2,14.418285696069692,1
경기_성남,카페,23497,11,22.117282670349315,3,216,1090.6,73.8119974285367,1,1,19.805910697407263,1
인천_부평,분식,79670,11,8.75137556274209,2,253,1672.0,42.36917455852334,1,1,15.131746015238038,1
경기_수원,편의점,86861,5,7.790038107883416,1,185,1004.9,68.72903487639314,0,2,18.410597421357362,1
서울_강남,분식,121645,7,1.7607785798285018,2,566,3147.2,91.2470901874646,1,2,17.984249684950214,0
대구_동성로,카페,81063,5,11.286067663143697,3,249,1263.3,78.77981688705849,1,0,19.710942559234798,0
서울_강남,헬스장,121039,6,14.691643884142316,2,367,1284.8,51.734741621466036,2,1,28.564553947573895,1
서울_영등포,편의점,98001,12,3.5327201843552736,0,233,1606.7,41.66183407839518,2,1,14.502052537187705,1
서울_강남,분식,186315,8,1.0,0,287,1490.7,70.67270855610167,1,2,19.25238904958984,0
대구_동성로,한식,191729,9,6.932005473600647,0,277,1302.8,78.36836609144126,1,1,21.261463179986773,1
경기_수원,한식,59191,1,8.920575432020106,1,261,1073.7,61.79716545666464,0,0,24.307600900438434,1
서울_영등포,한식,117223,1,8.501124782340273,1,367,2255.6,23.468665246601134,1,2,16.270591551771453,1
경기_성남,헬스장,43119,6,14.58888050801917,1,117,698.3,96.1133775623253,1,1,16.75557895616292,0
서울_송파,편의점,114676,5,9.209132138253727,2,292,1914.1,36.2837017797011,2,2,15.25539863724724,0
서울_송파,치킨,86313,5,17.311486228913253,1,168,989.5,84.0632816422414,3,1,16.978226298839946,0
대구_동성로,치킨,166548,4,7.420463514907289,1,375,2400.6,65.63435770257348,1,1,15.621017490911001,0
서울_영등포,편의점,43543,6,1.839605679831232,0,425,2215.4,97.13687325698345,2,-1,19.184071104113997,1
서울_강남,한식,183101,7,21.7406771508212,1,296,1956.3,73.5098169453094,2,1,15.13056081157693,1
서울_송파,분식,92620,7,8.003680872794384,0,382,1444.6,79.15035555286653,1,0,26.44417454419899,1
서울_강남,분식,110443,8,1.0,1,322,1734.9,54.77982551655373,0,-1,18.55969270113673,1
대구_동성로,편의점,104980,6,9.340090979383238,1,381,1567.5,63.62922126961277,2,2,24.306697658219598,0
대구_동성로,편의점,124471,11,5.562059790774869,0,398,2107.9,78.80748073831573,1,1,18.881304231910942,0
부산_서면,한식,37221,5,18.661588554945194,1,217,1389.3,54.845508768274094,2,0,15.618890643209188,0
서울_송파,카페,40415,0,10.036436833264625,0,303,1440.3,48.935179963204014,1,1,21.03706843364179,1
대구_동성로,카페,147763,4,21.241328395767965,1,314,1489.2,69.49794648764784,3,2,21.08492931130317,0
부산_해운대,헬스장,152606,2,6.8133607767667215,0,366,1569.3,97.87908647037057,2,-1,23.32187002584936,0
대구_동성로,헬스장,145281,6,9.460689955434617,3,471,2975.7,10.0,2,2,15.828208828781602,1
대구_동성로,분식,186296,11,11.396994826626628,-1,247,1461.3,63.15271930545971,0,1,16.902394501042515,1
경기_수원,치킨,87228,6,10.50690526409953,0,243,1569.8,61.358268816017755,1,1,15.479254035117492,1
서울_마포,분식,111531,6,10.9092897631738,2,270,1378.0,59.81298041664217,3,0,19.59299876386497,0
서울_송파,카페,63267,4,21.246258195704982,1,237,1530.7,72.67198084099267,2,2,15.483451308903629,0
서울_송파,카페,104930,4,9.679994953241001,-1,417,2666.7,70.63192054470457,3,0,15.63736732999989,1
서울_송파,한식,47670,13,12.66364213721412,2,309,1647.3,73.81401778697274,3,2,18.757773803758614,0
서울_영등포,분식,107784,7,23.89874155484066,1,198,928.8,74.4599731607685,3,0,21.31668799213675,1
부산_서면,편의점,87539,6,8.553495860859822,2,111,429.9,60.597458691229946,0,1,25.819170806723452,0
부산_해운대,한식,192044,7,7.877467477578089,2,531,2244.1,50.83454985412419,0,-1,23.66208285407839,1
대구_동성로,한식,79756,1,5.288160017563142,1,478,1811.5,58.27324819304172,2,1,26.386512538437024,1
대구_동성로,헬스장,121726,12,9.141253693682701,0,532,1878.5,55.267951924339386,1,1,28.320332625533855,1
부산_해운대,한식,134934,0,6.935828947522666,0,570,2858.3,62.46051125056311,1,1,19.941658516778087,0
서울_송파,분식,89635,2,1.0,3,319,1671.0,71.69906986172889,3,0,19.09058796402567,0
부산_해운대,한식,162756,6,21.623727761855022,-1,265,1854.9,85.11430633881633,1,-1,14.286480993253416,0
서울_마포,편의점,97103,7,17.111168289510168,3,362,1312.3,74.5724992873244,0,1,27.585560587443048,1
서울_송파,치킨,111980,9,8.056669106044374,1,151,567.3,60.70544385290607,1,-1,26.61808647062372,1
경기_수원,분식,76165,6,7.432847450380844,1,177,1094.1,20.141273686396474,1,2,16.177879023426957,1
서울_강남,편의점,142158,3,14.175740320442141,3,480,1723.4,65.5605460667886,3,1,27.85150439683447,0
경기_성남,카페,26589,8,7.634372630517302,1,193,779.5,40.55663587701926,1,1,24.759519207361784,1
서울_송파,분식,58165,1,19.289558259753832,3,416,1543.3,10.0,1,2,26.954704984331336,1
서울_마포,카페,52836,2,1.5463355296864574,2,435,1802.0,47.28736768276804,1,1,24.14018585358874,1
경기_성남,편의점,64035,1,10.498499451324832,3,80,439.8,64.27216516640647,1,1,18.18984363536274,1
부산_서면,카페,22199,7,14.22702419183636,2,292,1376.9,49.46796543423078,2,0,21.206792360039017,1
서울_강남,헬스장,182079,2,12.45812326932981,1,387,1941.2,73.5196064848792,0,0,19.93572852136099,1
서울_마포,치킨,85900,9,8.37310471518033,0,288,1862.4,73.83892055688453,3,1,15.46369908918949,0
서울_영등포,치킨,81876,6,15.430460206656274,-1,242,1094.9,51.49208038883714,1,1,22.103199508591597,1
부산_해운대,치킨,190778,4,13.889173481001691,1,297,1060.9,53.917882703533735,1,1,27.995519725972056,1
서울_송파,분식,88544,7,1.0,0,339,1978.0,81.73870435665367,1,1,17.13854455715664,0
부산_해운대,치킨,98013,8,4.251069259731764,-1,306,1358.0,77.75932903263907,3,2,22.532463894812828,1
경기_수원,카페,65483,5,10.104692985824142,1,119,601.0,51.3609634016813,1,2,19.80013590241399,1
부산_해운대,헬스장,140377,6,1.999402175317492,2,567,2758.8,81.3889477624838,0,2,20.552087075859397,1
인천_부평,치킨,42435,5,10.500767137154224,-1,208,1249.8,81.57190232223746,0,2,16.64309551204277,1
경기_성남,한식,53178,9,7.003916475620583,0,263,1663.5,38.33942190815364,1,0,15.809953742580463,1
서울_마포,헬스장,108831,7,22.97727511986615,1,399,1888.8,92.03839738575658,2,1,21.124612635740824,1
인천_부평,한식,61596,0,13.404011133186263,1,124,492.3,49.114511341509235,2,-1,25.18866704951733,1
대구_동성로,분식,176823,2,4.257179065174542,0,484,2600.1,69.38549807882607,1,0,18.61478790537321,0
대구_동성로,치킨,85032,8,5.634151707879306,1,494,2054.3,56.8127182680945,1,1,24.04702123802939,1
서울_영등포,한식,80058,3,1.0,1,285,1867.9,93.42985435733318,1,0,15.257525799914399,0
인천_부평,카페,22966,8,11.257867667743449,-1,156,767.2,55.80720013161675,1,2,20.33290097713599,1
서울_영등포,분식,46089,7,13.391706380288117,2,348,2358.6,80.10349408736647,3,2,14.75428646268188,0
대구_동성로,편의점,153457,13,21.760599817699276,1,488,2484.3,45.63057157450935,1,1,19.643364444069174,1
대구_동성로,치킨,194958,10,13.153387473260642,2,320,1754.8,36.04704963633134,1,-1,18.235942547217732,1
경기_성남,한식,24213,5,13.81977146733235,2,93,396.8,86.28889148912319,2,2,23.437134762869515,0
서울_영등포,치킨,75191,5,18.280303425712667,1,299,1589.7,70.13952691656283,2,1,18.808231261346464,1
인천_부평,편의점,27354,2,5.269394026000533,1,273,1175.6,86.85418877888189,2,1,23.22172727533989,0
대구_동성로,편의점,128175,7,15.535761848780844,1,249,1434.3,54.15825091718666,1,1,17.360576648201672,1
서울_강남,편의점,114711,3,6.831567007551561,1,477,2058.1,63.16193832809417,1,2,23.176566306769423,1
서울_강남,분식,196233,6,13.633549918329724,1,448,1590.4,50.318226162680205,2,1,28.1688736754275,1
경기_수원,한식,56343,5,16.721285685620444,0,105,715.4,64.68719381457964,1,-1,14.67731437373877,0
서울_송파,헬스장,91595,7,20.231436734432137,3,351,1713.2,24.78070146636567,0,1,20.488078357752233,1
부산_해운대,치킨,195985,0,12.472150064168586,2,375,1463.1,57.534682094259814,3,1,25.631212648092394,0
서울_강남,분식,199424,6,10.741215073151501,2,519,2886.2,19.23998060895223,1,-1,17.98209022874156,1
서울_영등포,분식,68604,2,9.156006802615497,1,351,1384.6,100.0,1,-1,25.35055780673632,0
경기_성남,한식,79668,6,19.120498953620675,1,132,554.9,46.699362193921495,0,1,23.78804541668092,1
서울_강남,카페,158260,2,22.910474826727594,1,581,2111.6,97.1965352358522,1,2,27.514091776951638,1
서울_송파,헬스장,49213,3,11.57924143942484,1,227,1540.4,28.04112696229625,2,0,14.736201616371373,1
서울_송파,분식,119008,1,9.752928579679237,0,271,988.7,93.41701058887321,1,1,27.410596722071034,0
부산_해운대,헬스장,130436,12,8.01068482491655,2,381,2359.0,91.35583019591328,2,2,16.150962827989744,0
부산_서면,한식,69962,10,6.07534485747537,2,176,725.5,62.66886558087961,1,1,24.258336623426768,1
서울_영등포,한식,52202,5,4.9972694715114985,2,236,1242.3,43.431661390993796,1,-1,18.997392729737268,1
서울_송파,헬스장,85435,11,10.731598252530748,0,292,1725.5,75.35875327033074,0,2,16.922224787607274,1
부산_서면,카페,42766,4,8.777226583873526,1,121,696.8,100.0,3,-1,17.363985766759306,0
부산_해운대,카페,79850,4,1.0,3,301,1490.5,52.15904434665771,1,1,20.193991991428597,0
경기_수원,카페,37985,6,18.21087455002823,1,80,456.5,74.34114653825506,1,-1,17.525429851018707,1
부산_서면,치킨,46691,9,8.977954801694192,0,186,659.4,54.23487460012374,1,0,28.208733814018167,1
서울_강남,치킨,123832,3,4.262648838203724,2,395,1868.5,60.11908039756363,1,0,21.14041367957908,1
서울_마포,카페,40420,4,24.218110991512617,1,190,744.2,52.250226734606194,2,0,25.529418489815985,1
부산_서면,치킨,33346,5,1.0,2,213,1111.7,40.458557077171974,1,1,19.159155624104095,1
경기_성남,편의점,71150,6,1.0,3,124,817.1,57.30019544045877,1,0,15.174921600907453,0
서울_마포,카페,81835,3,8.955763436359813,3,235,912.7,75.30103387126164,1,0,25.747823627689698,1
서울_영등포,치킨,78655,8,1.0,1,372,2419.1,34.88366431515347,3,2,15.377405034159649,1
인천_부평,분식,70229,3,1.0,3,100,626.5,42.513905718608214,0,0,15.961856468520331,0
부산_서면,카페,46622,3,8.57626528993289,2,225,1297.2,87.52397884909891,1,1,17.344878022276834,0
부산_해운대,분식,167332,3,1.8961695586205423,2,317,1475.9,82.7299071458063,0,1,21.477959109746283,0
서울_송파,한식,52882,1,1.6711475928807396,3,199,1032.5,70.85419862490753,3,-1,19.272828173715926,0
경기_수원,한식,80639,7,6.3562502996151435,1,167,746.5,44.12161435365991,1,-1,22.370690147602897,1
서울_마포,카페,67924,3,4.314813697915691,1,273,1317.4,64.06964006904575,2,1,20.723360282375236,1
서울_영등포,분식,40360,1,2.82831699497284,3,222,1003.7,62.50136228520971,3,0,22.118300175291576,0
부산_서면,치킨,83518,8,6.39933578956386,2,115,565.9,59.2973333076368,3,0,20.32281226106602,0
서울_송파,편의점,50282,7,19.69291892101947,3,202,1210.8,51.82460237788517,1,-1,16.683012522304715,1
서울_강남,편의점,149854,6,6.351216352007093,0,379,2331.8,72.76368081456425,2,0,16.253655786801016,0
서울_송파,한식,67182,6,11.883122694400786,1,154,882.1,84.21555493646989,1,0,17.457358060905598,0
서울_송파,헬스장,60905,1,18.855099638501883,2,169,813.4,10.0,2,1,20.776555361535067,1
인천_부평,치킨,43390,4,15.982102875927922,0,186,1132.0,14.329661138624907,1,1,16.431719061342072,1
부산_서면,카페,32803,2,18.40346041108012,2,144,957.8,71.33249898482141,1,2,15.03461853624806,0
대구_동성로,카페,163120,2,4.043150995229323,-1,439,1799.7,70.01496731953684,2,-1,24.393282787726772,1
부산_서면,편의점,31675,2,20.229982830040505,1,86,567.3,19.58531443119852,1,1,15.15827909279412,1
경기_수원,카페,41320,7,18.812203440199752,-1,85,377.3,61.8936277894146,1,-1,22.525950736463056,1
경기_성남,편의점,58377,3,24.85006650431863,0,221,1291.5,68.04632872823154,3,1,17.112111863155874,1
부산_해운대,치킨,159144,3,1.0,2,565,3108.5,100.0,3,2,18.175840747848444,0
경기_성남,분식,34312,7,1.8274942328350008,2,183,952.8,62.22446669681716,2,2,19.20732707068388,0
서울_영등포,편의점,50472,5,11.48076211704198,2,433,2883.3,68.38451297502048,2,2,15.017655762544369,1
경기_수원,분식,22080,4,15.966027826169686,2,288,1935.6,21.676712374681088,2,1,14.87885076186891,1
부산_해운대,편의점,182928,2,7.319005498615796,3,457,2000.3,68.68136974366354,2,0,22.846701157626274,1
경기_성남,카페,52969,4,10.306022160381582,0,100,471.6,57.78016728069486,0,1,21.202275075736658,1
서울_강남,치킨,188301,4,10.742508034707868,2,494,1848.2,74.15583228310035,3,0,26.7289311241521,1
서울_송파,헬스장,96278,3,9.398952694415668,2,426,1543.2,58.482024298406785,1,1,27.605275902083036,1
대구_동성로,치킨,114405,6,29.31144073467729,0,548,3633.3,54.56700895186349,1,0,15.082558992887815,1
서울_영등포,한식,50011,8,8.402334047938579,2,342,2095.5,58.41347763029689,2,2,16.320959452667452,0
경기_수원,치킨,68505,6,12.595399429059448,0,117,770.8,100.0,1,1,15.179376363945158,0
서울_마포,카페,101046,4,2.9455554681125085,1,206,1383.8,96.60737458751224,1,2,14.886556462482957,0
부산_서면,분식,41164,7,16.62950181900719,1,132,495.8,56.40306217464684,1,2,26.62581001522438,1
부산_서면,치킨,21046,7,12.294739425039051,0,141,669.4,53.49267990007068,2,1,21.06455719140884,1
서울_영등포,분식,71419,6,2.3935466778030277,2,259,1550.0,62.056284863101375,1,1,16.710127585719427,1
대구_동성로,한식,128916,7,8.136509347154558,1,402,2327.1,100.0,1,0,17.274728911276004,1
부산_해운대,편의점,177904,8,10.848737170340279,2,356,1548.1,65.24636274964784,1,1,22.99655542691302,1
서울_강남,치킨,157104,0,8.119051691254892,2,595,3744.8,47.182417272372525,1,0,15.88888592194567,0
인천_부평,한식,58082,3,8.050548522186576,3,232,1172.3,63.054033988374286,2,2,19.789934715455022,1
서울_송파,카페,83341,7,8.537986653131618,1,368,2104.4,10.0,0,-1,17.48693947343663,1
서울_마포,편의점,73677,6,2.8207817352776425,1,398,2186.5,55.898194866314945,2,1,18.20229594213699,0
서울_송파,치킨,91663,6,5.822915931505053,2,290,1147.5,52.63095289655237,3,2,25.272788808794644,1
경기_성남,카페,81858,12,1.0,2,170,1074.3,25.707161190653018,2,1,15.824635467668452,1
인천_부평,분식,55895,2,1.0,3,124,728.3,52.684385093959875,1,-1,17.027093185982146,0
부산_해운대,한식,119647,5,7.86764146151685,1,587,3984.1,71.44346262074927,2,2,14.733635723617283,0
대구_동성로,편의점,182448,7,13.35997096497315,0,332,1396.1,49.63546991785674,1,0,23.780908150997348,1
부산_서면,치킨,68536,9,10.343467165918499,0,255,1447.9,81.53318071135301,1,2,17.61177369057776,1
대구_동성로,헬스장,141101,0,13.430096245891765,3,536,2442.9,73.56654791567256,0,0,21.941135385112194,0
경기_성남,헬스장,35007,4,7.890049575285573,3,118,486.2,51.40561221801668,2,1,24.26992019570361,1
부산_서면,치킨,45463,3,7.4723898562919135,1,100,360.0,53.42550374067418,1,-1,27.779207413933765,1
부산_서면,분식,70099,1,12.576855578310777,-1,152,879.5,100.0,1,2,17.2821728638419,0
서울_송파,카페,111038,5,5.436702842874698,2,256,1248.3,73.916667599113,2,2,20.507088511215617,0
대구_동성로,치킨,174292,3,8.966902898676576,0,541,2916.0,68.76202790590989,2,1,18.552856864397768,0
경기_수원,카페,30515,5,9.60944912240296,1,265,1500.7,64.96100861573065,1,2,17.65877906748896,0
서울_송파,헬스장,68239,6,7.755628665852319,2,332,1236.4,47.84958180158579,0,0,26.852844313243995,1
경기_수원,분식,76467,3,8.262242202972345,1,133,883.4,64.60919761255266,0,2,15.055777985360045,1
서울_마포,치킨,97304,8,4.0225579173549715,1,432,2017.7,99.24136723797056,1,2,21.410701197525118,0
대구_동성로,한식,191529,2,14.937319320963764,2,322,2107.9,38.9536275202097,2,1,15.275907538949385,0
경기_성남,헬스장,37085,8,11.807419142907959,3,198,855.6,54.2268367864154,0,-1,23.14068974797282,1
서울_영등포,한식,71152,3,20.41486926217641,3,363,1622.8,48.99483234696666,2,2,22.368210601120786,1
서울_영등포,헬스장,62743,2,8.342035656144752,2,346,1573.2,57.31604621429094,1,0,21.993583086775022,0
서울_강남,분식,166342,6,16.517883943814873,3,502,2324.7,51.129511703991994,1,2,21.594491397384598,1
서울_강남,한식,96809,5,13.575148847250913,0,404,2692.5,39.641011077296994,1,0,15.004712468871798,1
부산_서면,분식,59211,5,14.432439126860618,1,162,1018.9,60.11570322017439,0,-1,15.89895870561661,0
경기_성남,헬스장,31403,7,1.0,3,141,576.3,98.94089616944058,0,-1,24.464376011020843,1
서울_강남,편의점,93952,3,6.130744490535746,2,558,2352.3,38.57610284262028,1,2,23.721530251287714,1
부산_서면,헬스장,24334,9,5.077904764209304,2,212,1403.0,29.33215822162539,0,-1,15.110666829075276,1
인천_부평,치킨,53443,4,5.853336776588377,0,215,1455.3,52.87073172393914,1,2,14.773581287011433,0
서울_영등포,한식,66469,4,1.0,2,305,1945.2,48.12819281218871,2,2,15.679780816856232,0
서울_영등포,헬스장,47084,2,2.939554087533283,3,212,773.1,58.895295095566475,0,0,27.423408042571516,1
서울_마포,카페,51603,0,17.227681601377597,2,254,1188.5,77.41677602644032,0,0,21.3709522448011,1
경기_성남,치킨,44507,4,4.566771045714791,1,284,1144.3,71.80653248883357,1,1,24.819190844038395,1
인천_부평,분식,57249,8,6.001932402641023,1,121,748.8,47.29271034815036,1,1,16.158275218716277,1
경기_성남,치킨,86201,5,6.940479320543886,3,95,430.0,50.60321932498772,2,2,22.095094038247364,1
부산_해운대,카페,103724,5,13.044285518045731,1,376,1606.6,91.73791687176637,2,1,23.403894952900295,0
대구_동성로,분식,112481,8,10.782492419308994,-1,293,1612.8,79.47533871878186,3,-1,18.16745914675533,1
서울_마포,헬스장,63652,8,8.954240504783028,0,180,958.9,29.62030832889171,1,-1,18.77169495258274,1
인천_부평,분식,20557,6,10.187806716473705,2,80,558.1,59.771818422896686,2,0,14.333246909456172,0
대구_동성로,편의점,178497,7,17.25141346602424,1,377,2475.0,77.08875502281111,1,0,15.232413564550162,0
부산_서면,한식,51195,0,16.164057695980457,2,127,704.3,42.366522832836324,3,-1,18.032168361675776,0
대구_동성로,편의점,149698,5,16.056932743234313,3,386,2427.9,41.504009888181685,1,2,15.898772277608128,1
서울_강남,편의점,99652,9,6.662742705346824,1,580,3735.3,58.63220476817826,1,1,15.527710215046037,0
부산_해운대,한식,185381,7,13.515643042463818,3,570,3741.7,27.55358773412469,3,0,15.233572659705336,1
경기_성남,카페,66475,5,1.8790352966143633,2,89,502.3,62.44843849434489,1,2,17.719782337184874,0
서울_영등포,편의점,102607,9,7.164922499845117,1,252,897.3,62.588433536306006,2,1,28.0855451923538,1
인천_부평,편의점,31655,1,6.333097807806233,1,258,1804.4,56.32022679794071,1,0,14.298763781571836,0
서울_강남,헬스장,113746,7,15.186680356700265,2,455,2447.4,40.32929908107755,2,0,18.59136363811028,1
부산_해운대,편의점,161760,0,3.774408136426038,2,468,3185.4,57.54971520310389,1,2,14.69187823201713,0
부산_서면,헬스장,38073,3,13.608355561754989,0,143,593.7,60.78521938061058,3,2,24.084293130473217,1
서울_송파,분식,108741,6,20.365233807073622,2,236,1096.0,69.3807918689493,1,1,21.533761719495313,1
경기_수원,분식,33383,9,14.110390828764888,2,208,1244.3,49.75586221454297,3,2,16.716677169768893,1
경기_성남,편의점,48281,6,11.62001594756722,2,283,1255.9,54.1983786523083,2,1,22.532760790020966,1
경기_수원,편의점,53512,3,11.332263290851978,1,211,848.3,65.55123065819964,1,1,24.873078566398956,1
서울_마포,헬스장,56760,1,14.774196403415576,1,239,1170.4,81.94497573382436,1,2,20.420112458918357,1
인천_부평,한식,54341,12,16.26806546095383,2,166,685.3,90.2777937540813,1,1,24.22253309345057,0
인천_부평,편의점,86561,8,3.004943346615681,2,229,888.7,58.359387273816836,2,1,25.767711167130937,1
서울_강남,분식,84628,8,9.774735459203203,0,559,3625.3,62.4746991805951,1,1,15.419568661436802,1
경기_수원,치킨,71920,10,2.9609267904019525,-1,276,1279.6,82.54251093680442,1,1,21.569082298456017,1
서울_강남,치킨,192453,3,10.674639861798251,2,234,1095.4,70.95079640338106,1,2,21.362219918968375,0
경기_성남,헬스장,37857,6,1.0,0,201,1150.2,78.78405703324094,2,1,17.474932549838172,1
경기_수원,헬스장,86809,3,2.8955840044064143,2,154,994.4,48.01394422752549,1,1,15.487500435389226,1
대구_동성로,치킨,72534,3,20.764146973265127,-1,378,1538.1,54.42124329111478,0,1,24.575329320872726,1
대구_동성로,한식,117679,7,10.411521744825318,2,261,1207.6,20.35668791718986,0,1,21.612552268066896,1
서울_영등포,치킨,51552,9,6.067880462719136,1,249,1624.6,70.01299113075018,3,0,15.327230858687557,0
서울_영등포,치킨,100047,0,2.4486166537511895,-1,202,1146.1,51.555301493630395,1,1,17.62434236073752,0
부산_해운대,치킨,166172,11,3.7816015634996987,1,251,1660.8,23.872122521036665,3,1,15.113429534220924,1
경기_성남,헬스장,33341,4,19.07643221221896,3,91,438.8,45.32996583598407,3,1,20.736717538468035,1
서울_강남,분식,118723,7,8.954965717797434,1,527,2549.5,57.12126677701792,1,0,20.670520778986152,1
경기_수원,편의점,30935,6,1.7906217591243472,-1,259,1134.4,86.09548668086818,1,1,22.832045739302167,1
경기_수원,한식,46295,6,14.062234240816853,2,173,866.1,80.58879825487904,3,0,19.974535810354325,1
부산_서면,카페,56389,5,17.93581948668956,2,104,647.4,33.50333888594731,1,1,16.063324640163344,0
서울_영등포,카페,103886,5,14.558912387583948,1,180,679.2,54.34231001381248,0,1,26.50364840416284,1
대구_동성로,카페,142708,7,8.829876450650467,2,534,2866.9,84.66513863439974,3,2,18.626507264230828,0
경기_수원,한식,36585,4,11.94248580703706,3,169,1080.5,82.30500986563561,1,-1,15.64112486856826,0
인천_부평,카페,25271,5,15.50212103569946,-1,153,984.2,37.0164079556644,1,1,15.546320993165935,1
부산_서면,분식,42347,3,15.53432403187984,1,94,515.7,43.433949208462195,2,0,18.228093081361617,1
경기_성남,편의점,37957,1,19.911554205902608,0,218,1148.2,45.67714229046871,1,-1,18.986835438101004,1
인천_부평,카페,40439,7,10.701001759955602,2,174,1018.9,59.38757737206355,1,1,17.07680438137808,0
경기_수원,헬스장,84372,2,10.693384141067945,3,252,1386.8,77.9270708525101,0,1,18.171111128484878,0
서울_영등포,치킨,74018,7,1.0,1,187,946.7,36.762291280087226,1,2,19.752858349002807,1
경기_성남,헬스장,39567,3,18.088437314142055,2,202,1115.6,70.0733507756439,0,2,18.10716727356105,1
부산_해운대,한식,109253,10,7.896390236520078,1,452,2612.6,65.02662520916986,0,1,17.3005402744019,1
부산_해운대,카페,78922,6,8.928413868932411,2,590,3167.2,68.3465860332088,2,1,18.628437955307742,1
인천_부평,편의점,40110,7,5.149516825614333,3,245,893.5,50.58349210850549,1,1,27.421428318414105,1
부산_해운대,카페,83229,4,15.35312600318393,-1,322,1378.5,49.27734573975806,2,-1,23.359561071483153,1
대구_동성로,헬스장,72014,7,10.976030745406963,3,536,3101.8,100.0,1,2,17.280464256848404,0
경기_수원,치킨,85046,7,16.609514633996383,3,198,842.1,82.8436615707916,1,1,23.51305888875409,0
인천_부평,헬스장,76919,0,15.729841015079987,0,288,1334.5,85.41691242151096,1,2,21.58067907796092,1
경기_성남,카페,33784,6,13.270849225237042,1,199,797.9,92.70597202633209,2,1,24.9414601506068,1
서울_영등포,한식,58368,9,6.538514183295158,2,153,690.8,59.52764041163088,1,2,22.14910984990298,0
경기_수원,분식,78639,9,14.269363858582508,3,288,1523.5,57.110243171111414,1,-1,18.903413301694066,1
서울_송파,편의점,108345,10,14.672385266025762,1,399,2260.0,85.98207128108865,1,1,17.65462904613688,0
서울_마포,헬스장,118027,4,23.21380605305631,1,421,1516.0,35.47864947107131,1,2,27.769856132394395,1
서울_영등포,치킨,81411,3,2.8438324076644577,2,274,1481.4,96.44542453446486,1,2,18.496568137527227,0
부산_서면,편의점,68504,5,24.53167877768233,0,231,1497.0,55.41389824935002,0,0,15.431077386056732,1
경기_성남,편의점,54409,9,1.0,1,133,556.5,76.72444071245768,2,1,23.89817811701704,0
서울_송파,한식,111493,7,6.374228905484432,1,264,1269.8,24.285174361074738,2,2,20.791123951121936,1
경기_수원,헬스장,80861,6,20.018617034601807,1,104,617.6,54.099098938329355,1,0,16.839004048289198,1
인천_부평,치킨,75041,7,10.496012333742213,3,166,707.8,61.98003255178642,1,2,23.45290182257912,1
대구_동성로,편의점,158052,7,18.54816025002861,0,372,1918.3,81.13460861551356,1,2,19.392097957306476,1
대구_동성로,헬스장,75351,10,1.0,2,437,2023.7,43.50738901622204,2,1,21.59363523428653,1
서울_송파,치킨,53882,4,11.859258758690451,3,345,2389.3,69.46668998601702,1,1,14.439145259683372,0
인천_부평,편의점,70321,5,2.0645007291001924,1,125,812.7,66.82609187252768,1,1,15.381271579519293,1
부산_서면,치킨,80217,1,14.954011347579652,1,271,1021.3,61.3840800647061,1,-1,26.534464323429024,1
대구_동성로,분식,80683,0,2.8425060779055844,2,355,2416.7,50.10131168963447,1,2,14.689514968363296,0
대구_동성로,카페,117408,4,8.728484027656366,1,538,3422.3,62.70565017104636,1,0,15.720633583838822,1
경기_수원,한식,37673,1,13.783090411117696,2,131,857.9,54.08315170270252,1,1,15.269032037333025,1
대구_동성로,치킨,194098,6,12.193542057992381,2,316,1806.6,80.25127413392055,2,1,17.4916543965438,0
서울_송파,카페,47408,7,11.099690554506811,2,207,1444.6,61.373614193010766,2,-1,14.32933285925321,0
인천_부평,헬스장,72838,2,3.654449001515328,1,296,1428.4,82.82398829816805,1,0,20.722682542775924,0
부산_해운대,한식,136606,7,10.489215971085859,2,406,1550.8,83.49595386763262,1,0,26.179380831819348,1
부산_해운대,편의점,97987,0,18.952116352902625,3,248,1354.2,43.431935565034976,2,1,18.31275793099261,1
경기_성남,카페,58547,3,8.655991108170062,3,215,1401.6,47.99591550828744,1,0,15.339629338163979,1
서울_마포,치킨,65432,5,12.25234491624731,0,326,2165.2,69.10416496203294,1,-1,15.056501715217866,1
서울_마포,분식,103887,6,13.581664101161312,0,288,1748.2,80.42989972814878,2,1,16.474106522483474,0
인천_부평,편의점,33783,3,6.74166946288348,1,210,1281.1,13.908799192513762,1,0,16.392237036268803,1
서울_마포,편의점,56838,4,14.43473752384355,0,217,1342.2,58.395694893380174,2,2,16.167479995941825,1
경기_수원,치킨,25702,6,22.746886382360632,1,164,1064.5,100.0,0,1,15.406601441842819,0
부산_해운대,편의점,144732,4,13.6816092643736,1,273,1181.9,78.56777358272342,2,1,23.098170182533266,1
경기_성남,치킨,63884,0,9.476776587758716,1,138,899.1,50.86858840178523,1,1,15.349370548561476,0
서울_마포,치킨,40357,4,13.617719243064426,1,284,1866.0,34.779553084237556,0,-1,15.21958634319679,1
부산_서면,치킨,24849,10,26.599252656614926,2,222,1047.0,65.9123347757027,2,1,21.2027536844394,1
서울_송파,카페,100064,12,26.179015053735537,2,409,1950.3,64.26130441957444,2,2,20.97120642061769,1
경기_성남,카페,76812,8,6.932939460654493,2,175,1017.6,63.79294794023976,1,1,17.19717925094524,0
서울_강남,헬스장,129701,0,22.38274001038021,3,473,2716.7,66.98138396852134,1,0,17.410537347742174,0
경기_성남,한식,36565,2,10.56787208392952,2,253,966.4,42.81845367269487,1,2,26.180431439583334,1
부산_서면,한식,45789,6,10.207068558860406,3,200,866.3,56.2815670776194,1,-1,23.0860736536419,1
부산_해운대,카페,175021,7,15.301748983293958,1,512,3263.7,22.446327927193806,1,-1,15.687774200454193,1
인천_부평,분식,30543,7,18.177512945261093,-1,269,1436.1,84.59464221029091,2,-1,18.73080275607298,0
서울_송파,한식,78738,10,11.041316905637002,1,422,2429.8,100.0,0,-1,17.367533878257916,1
서울_영등포,한식,116637,5,8.234991367252556,-1,376,1966.1,45.947232638808444,1,1,19.12427852134499,1
인천_부평,헬스장,53945,3,4.923001648560325,1,174,712.4,58.51834675867621,1,0,24.423774703244156,1
서울_영등포,한식,107902,10,4.925600923641523,2,229,996.6,74.13910019841084,3,2,22.97742771014685,0
대구_동성로,치킨,105516,8,17.4716588905441,3,220,1229.3,79.99354193814077,2,2,17.896783042482962,1
경기_성남,헬스장,35133,7,1.0,1,101,606.2,72.99837748152085,1,0,16.66125106319324,1
부산_해운대,카페,172617,9,22.41334539903029,3,428,2843.6,60.225724463206376,3,2,15.051277461800405,1
인천_부평,카페,89814,6,6.065343328962698,1,278,1714.2,93.18838997716418,2,2,16.21790870270427,0
서울_영등포,헬스장,63950,5,12.884776611320401,0,283,1256.1,53.85645467336348,0,-1,22.530065231228868,1
경기_수원,치킨,24158,0,10.554420500827506,0,95,595.3,40.977839065150704,1,2,15.957159917178569,1
서울_송파,헬스장,67133,11,8.434857540672922,2,314,1924.1,66.90847638080943,0,1,16.319166705314775,1
인천_부평,한식,29533,2,4.441158803608988,1,233,974.2,42.515356616489754,2,0,23.918028720377222,1
인천_부평,헬스장,71134,5,15.824592374654179,2,158,1025.1,48.98624120395263,0,0,15.413567570541332,1
서울_영등포,편의점,86921,6,5.400083759198395,1,230,1127.2,50.59628981300732,2,0,20.404126055160933,1
서울_송파,카페,58934,3,9.228730919206024,1,404,2130.7,43.500749963810605,1,1,18.960647266066708,1
서울_강남,한식,196019,7,19.125353555725724,2,291,1668.4,85.36137586247617,0,1,17.441389315232982,0
부산_서면,편의점,82771,0,18.51604527282477,0,190,905.5,79.57809104923646,1,0,20.982716465860587,1
서울_영등포,헬스장,66165,8,8.801968973955915,3,432,1963.1,10.0,2,0,22.00589107380652,1
서울_영등포,분식,98014,10,14.05704492979693,1,447,2420.9,69.22456522997597,0,0,18.464417306509542,1
부산_해운대,헬스장,167835,4,33.106803260110695,2,531,2785.2,100.0,2,2,19.065102213236624,1
인천_부평,분식,58458,4,10.597378430564257,1,266,1679.7,26.09964414049385,2,0,15.835768482505808,1
서울_영등포,분식,95951,7,16.35272610554888,2,205,901.7,81.8048856731613,1,1,22.735308043291507,1
대구_동성로,편의점,75312,6,7.542662197694449,2,573,3320.8,50.40516209408875,1,0,17.25500375224134,1
서울_강남,분식,121205,3,1.0,0,572,2152.6,56.96260922410147,0,0,26.572912003514332,1
경기_수원,치킨,62240,8,5.891541761884335,1,266,1377.8,78.93102722846947,1,1,19.30558681800658,1
서울_강남,편의점,139907,8,20.608357659813276,1,563,3455.5,57.39427501432167,3,2,16.292810261872255,0
경기_수원,헬스장,27344,3,8.91253516378646,1,209,1166.8,59.12942900047289,2,1,17.912234896640655,1
대구_동성로,분식,114221,7,8.435136491423261,2,586,3134.4,79.06442737834553,1,1,18.69572520725155,0
경기_성남,편의점,85199,8,1.0,2,260,1748.9,48.79594615319543,3,1,14.866405035532166,1
서울_마포,카페,69948,3,1.0,3,257,1786.5,67.3840545753901,1,2,14.385898616324416,0
서울_송파,카페,42039,4,8.266049610958518,0,269,1424.1,44.66260949764177,3,0,18.889152070901762,1
부산_서면,치킨,83862,0,14.655041409445072,1,151,562.8,60.81968656470499,1,0,26.829983014464005,1
대구_동성로,한식,102175,3,20.25415940236658,3,411,1906.9,53.852700708564484,3,1,21.552793868249907,1
서울_송파,치킨,116493,4,18.319306331139657,2,201,1318.2,43.87292444616298,1,1,15.247660706755667,0
서울_마포,한식,99151,3,8.558394368028143,0,331,1163.9,67.20911354861609,2,1,28.439446064981016,1
서울_강남,치킨,109865,9,6.595716604684645,2,513,2840.8,69.56850144498952,1,1,18.058458597625066,1
서울_마포,헬스장,45391,11,13.685232693883076,3,282,1716.7,74.91347046947169,1,1,16.426627950848975,0
서울_영등포,치킨,55430,6,5.915494132846754,2,324,2217.4,71.00214786896895,3,2,14.611464510487801,0
